date,fname,year,month,day,net,station,flag,tt,date_time,weight,amplitude,phase
20220201,CA.ARBS.P,2022,2,1,CA,ARBS,1,7382.38,2022-02-01T02:03:02.380000,0.8694344758987427,13633525750.0,P
20220201,CA.ARBS.P,2022,2,1,CA,ARBS,1,7622.09,2022-02-01T02:07:02.090000,0.6325214505195618,11905087.219238281,P
20220201,CA.ARBS.P,2022,2,1,CA,ARBS,1,7649.65,2022-02-01T02:07:29.650000,0.5952054858207703,5641109.7412109375,P
20220201,CA.ARBS.P,2022,2,1,CA,ARBS,1,7650.17,2022-02-01T02:07:30.170000,0.3152707815170288,10823785.400390625,P
20220201,CA.ARBS.P,2022,2,1,CA,ARBS,1,7681.74,2022-02-01T02:08:01.740000,0.7852938175201416,9230569.702148438,P
20220201,CA.ARBS.P,2022,2,1,CA,ARBS,1,7812.12,2022-02-01T02:10:12.120000,0.9646258354187012,123506817.3828125,P
20220201,CA.ARBS.P,2022,2,1,CA,ARBS,1,8195.39,2022-02-01T02:16:35.390000,0.421649694442749,6950829.58984375,P
20220201,CA.ARBS.P,2022,2,1,CA,ARBS,1,8616.67,2022-02-01T02:23:36.670000,0.9743219017982483,25719333.618164062,P
20220201,CA.ARBS.P,2022,2,1,CA,ARBS,1,9033.02,2022-02-01T02:30:33.020000,0.9686430096626282,36511680.6640625,P
20220201,CA.ARBS.S,2022,2,1,CA,ARBS,1,7384.23,2022-02-01T02:03:04.230000,0.6884957551956177,13633525750.0,S
20220201,CA.ARBS.S,2022,2,1,CA,ARBS,1,7623.87,2022-02-01T02:07:03.870000,0.5834143757820129,11905087.219238281,S
20220201,CA.ARBS.S,2022,2,1,CA,ARBS,1,7651.3,2022-02-01T02:07:31.300000,0.7752319574356079,10823785.400390625,S
20220201,CA.ARBS.S,2022,2,1,CA,ARBS,1,7683.63,2022-02-01T02:08:03.630000,0.5602694749832153,9230569.702148438,S
20220201,CA.ARBS.S,2022,2,1,CA,ARBS,1,7813.98,2022-02-01T02:10:13.980000,0.879564642906189,123506817.3828125,S
20220201,CA.ARBS.S,2022,2,1,CA,ARBS,1,8197.05,2022-02-01T02:16:37.050000,0.3205472528934479,6950829.58984375,S
20220201,CA.ARBS.S,2022,2,1,CA,ARBS,1,8618.34,2022-02-01T02:23:38.340000,0.8749695420265198,25719333.618164062,S
20220201,CA.ARBS.S,2022,2,1,CA,ARBS,1,9034.64,2022-02-01T02:30:34.640000,0.8289374709129333,36511680.6640625,S
20220201,CA.ARBS.P,2022,2,1,CA,ARBS,1,7382.37,2022-02-01T02:03:02.370000,0.8569014668464661,15913920750.0,P
20220201,CA.ARBS.P,2022,2,1,CA,ARBS,1,7622.03,2022-02-01T02:07:02.030000,0.7543686628341675,16880100.09765625,P
20220201,CA.ARBS.P,2022,2,1,CA,ARBS,1,7649.53,2022-02-01T02:07:29.530000,0.7113897204399109,10734400.085449219,P
20220201,CA.ARBS.P,2022,2,1,CA,ARBS,1,7681.74,2022-02-01T02:08:01.740000,0.8662989735603333,11069618.225097656,P
20220201,CA.ARBS.P,2022,2,1,CA,ARBS,1,7812.08,2022-02-01T02:10:12.080000,0.935494065284729,167525667.96875,P
20220201,CA.ARBS.P,2022,2,1,CA,ARBS,1,8195.41,2022-02-01T02:16:35.410000,0.36601901054382324,8698611.511230469,P
20220201,CA.ARBS.P,2022,2,1,CA,ARBS,1,8616.65,2022-02-01T02:23:36.650000,0.9102112054824829,29465740.966796875,P
20220201,CA.ARBS.P,2022,2,1,CA,ARBS,1,9033.04,2022-02-01T02:30:33.040000,0.9316819310188293,41667748.53515625,P
20220201,CA.ARBS.S,2022,2,1,CA,ARBS,1,7384.299999999999,2022-02-01T02:03:04.300000,0.7519922852516174,15913920750.0,S
20220201,CA.ARBS.S,2022,2,1,CA,ARBS,1,7626.77,2022-02-01T02:07:06.770000,0.3300895392894745,12727104.736328125,S
20220201,CA.ARBS.S,2022,2,1,CA,ARBS,1,7651.219999999999,2022-02-01T02:07:31.220000,0.7407351136207581,10734400.085449219,S
20220201,CA.ARBS.S,2022,2,1,CA,ARBS,1,7683.82,2022-02-01T02:08:03.820000,0.5423260927200317,11069618.225097656,S
20220201,CA.ARBS.S,2022,2,1,CA,ARBS,1,7814.07,2022-02-01T02:10:14.070000,0.8305167555809021,167525667.96875,S
20220201,CA.ARBS.S,2022,2,1,CA,ARBS,1,8156.5,2022-02-01T02:15:56.500000,0.6352283954620361,9254686.828613281,S
20220201,CA.ARBS.S,2022,2,1,CA,ARBS,1,8197.23,2022-02-01T02:16:37.230000,0.7402060627937317,8698611.511230469,S
20220201,CA.ARBS.S,2022,2,1,CA,ARBS,1,8206.66,2022-02-01T02:16:46.660000,0.7877286076545715,9782816.589355469,S
20220201,CA.ARBS.S,2022,2,1,CA,ARBS,1,8305.99,2022-02-01T02:18:25.990000,0.42870864272117615,9111265.502929688,S
20220201,CA.ARBS.S,2022,2,1,CA,ARBS,1,8486.880000000001,2022-02-01T02:21:26.880000,0.5838398933410645,5467154.205322266,S
20220201,CA.ARBS.S,2022,2,1,CA,ARBS,1,8618.39,2022-02-01T02:23:38.390000,0.9172132611274719,29465740.966796875,S
20220201,CA.ARBS.S,2022,2,1,CA,ARBS,1,9034.75,2022-02-01T02:30:34.750000,0.835792064666748,41667748.53515625,S
20220201,CA.ARBS.P,2022,2,1,CA,ARBS,1,7382.360000000001,2022-02-01T02:03:02.360000,0.9738354682922363,6141471781.25,P
20220201,CA.ARBS.P,2022,2,1,CA,ARBS,1,7622.13,2022-02-01T02:07:02.130000,0.9032431244850159,11155555.17578125,P
20220201,CA.ARBS.P,2022,2,1,CA,ARBS,1,7649.54,2022-02-01T02:07:29.540000,0.8494330644607544,11467885.25390625,P
20220201,CA.ARBS.P,2022,2,1,CA,ARBS,1,7681.74,2022-02-01T02:08:01.740000,0.30331867933273315,6880222.229003906,P
20220201,CA.ARBS.P,2022,2,1,CA,ARBS,1,7812.08,2022-02-01T02:10:12.080000,0.9728941917419434,80522996.58203125,P
20220201,CA.ARBS.P,2022,2,1,CA,ARBS,1,8616.65,2022-02-01T02:23:36.650000,0.960877537727356,18184121.337890625,P
20220201,CA.ARBS.P,2022,2,1,CA,ARBS,1,9033.0,2022-02-01T02:30:33.000000,0.9785160422325134,21466181.762695312,P
20220201,CA.ARBS.S,2022,2,1,CA,ARBS,1,7384.469999999999,2022-02-01T02:03:04.470000,0.6375571489334106,6141471781.25,S
20220201,CA.ARBS.S,2022,2,1,CA,ARBS,1,7624.09,2022-02-01T02:07:04.090000,0.6204367876052856,11155555.17578125,S
20220201,CA.ARBS.S,2022,2,1,CA,ARBS,1,7651.5,2022-02-01T02:07:31.500000,0.44843432307243347,11467885.25390625,S
20220201,CA.ARBS.S,2022,2,1,CA,ARBS,1,7814.27,2022-02-01T02:10:14.270000,0.7515127062797546,80522996.58203125,S
20220201,CA.ARBS.S,2022,2,1,CA,ARBS,1,8618.380000000001,2022-02-01T02:23:38.380000,0.5576887130737305,18184121.337890625,S
20220201,CA.ARBS.S,2022,2,1,CA,ARBS,1,9034.84,2022-02-01T02:30:34.840000,0.6582640409469604,21466181.762695312,S
20220201,CA.CEST.P,2022,2,1,CA,CEST,1,5722.87,2022-02-01T01:35:22.870000,0.602289080619812,16901277.465820312,P
20220201,CA.CEST.P,2022,2,1,CA,CEST,1,7383.21,2022-02-01T02:03:03.210000,0.9022642374038696,12277171562.5,P
20220201,CA.CEST.P,2022,2,1,CA,CEST,1,7622.93,2022-02-01T02:07:02.930000,0.8637757301330566,19441658.69140625,P
20220201,CA.CEST.P,2022,2,1,CA,CEST,1,7650.46,2022-02-01T02:07:30.460000,0.8604606986045837,10729939.270019531,P
20220201,CA.CEST.P,2022,2,1,CA,CEST,1,7682.52,2022-02-01T02:08:02.520000,0.9343471527099609,9165050.78125,P
20220201,CA.CEST.P,2022,2,1,CA,CEST,1,7812.84,2022-02-01T02:10:12.840000,0.9623926281929016,252555849.609375,P
20220201,CA.CEST.P,2022,2,1,CA,CEST,1,8152.98,2022-02-01T02:15:52.980000,0.411512553691864,9833985.83984375,P
20220201,CA.CEST.P,2022,2,1,CA,CEST,1,8305.779999999999,2022-02-01T02:18:25.780000,0.6425002217292786,9039932.922363281,P
20220201,CA.CEST.P,2022,2,1,CA,CEST,1,8617.58,2022-02-01T02:23:37.580000,0.6875501275062561,22465975.708007812,P
20220201,CA.CEST.P,2022,2,1,CA,CEST,1,9034.07,2022-02-01T02:30:34.070000,0.7733998894691467,37672971.6796875,P
20220201,CA.CEST.P,2022,2,1,CA,CEST,1,9169.11,2022-02-01T02:32:49.110000,0.3937605023384094,5182050.018310547,P
20220201,CA.CEST.S,2022,2,1,CA,CEST,1,5727.69,2022-02-01T01:35:27.690000,0.871438205242157,16901277.465820312,S
20220201,CA.CEST.S,2022,2,1,CA,CEST,1,7385.23,2022-02-01T02:03:05.230000,0.8232321739196777,12277171562.5,S
20220201,CA.CEST.S,2022,2,1,CA,CEST,1,7625.03,2022-02-01T02:07:05.030000,0.8456997871398926,19441658.69140625,S
20220201,CA.CEST.S,2022,2,1,CA,CEST,1,7652.5599999999995,2022-02-01T02:07:32.560000,0.774901807308197,10729939.270019531,S
20220201,CA.CEST.S,2022,2,1,CA,CEST,1,7684.55,2022-02-01T02:08:04.550000,0.6813095808029175,9165050.78125,S
20220201,CA.CEST.S,2022,2,1,CA,CEST,1,7814.88,2022-02-01T02:10:14.880000,0.7945846319198608,252555849.609375,S
20220201,CA.CEST.S,2022,2,1,CA,CEST,1,8157.51,2022-02-01T02:15:57.510000,0.8330155611038208,9833985.83984375,S
20220201,CA.CEST.S,2022,2,1,CA,CEST,1,8307.34,2022-02-01T02:18:27.340000,0.7766523957252502,9039932.922363281,S
20220201,CA.CEST.S,2022,2,1,CA,CEST,1,8619.470000000001,2022-02-01T02:23:39.470000,0.7214231491088867,22465975.708007812,S
20220201,CA.CEST.S,2022,2,1,CA,CEST,1,9035.89,2022-02-01T02:30:35.890000,0.6192712783813477,37672971.6796875,S
20220201,CA.CEST.S,2022,2,1,CA,CEST,1,9123.54,2022-02-01T02:32:03.540000,0.7326763868331909,6273876.647949219,S
20220201,CA.CEST.S,2022,2,1,CA,CEST,1,9173.86,2022-02-01T02:32:53.860000,0.661115288734436,4957283.874511719,S
20220201,CA.CEST.P,2022,2,1,CA,CEST,1,5722.86,2022-02-01T01:35:22.860000,0.6892526149749756,16550174.31640625,P
20220201,CA.CEST.P,2022,2,1,CA,CEST,1,7383.21,2022-02-01T02:03:03.210000,0.9247841835021973,17753589750.0,P
20220201,CA.CEST.P,2022,2,1,CA,CEST,1,7622.99,2022-02-01T02:07:02.990000,0.6529765725135803,26915490.72265625,P
20220201,CA.CEST.P,2022,2,1,CA,CEST,1,7650.889999999999,2022-02-01T02:07:30.890000,0.752032458782196,15783233.032226562,P
20220201,CA.CEST.P,2022,2,1,CA,CEST,1,7682.79,2022-02-01T02:08:02.790000,0.6363570690155029,9435212.585449219,P
20220201,CA.CEST.P,2022,2,1,CA,CEST,1,7812.85,2022-02-01T02:10:12.850000,0.9339567422866821,417797910.15625,P
20220201,CA.CEST.P,2022,2,1,CA,CEST,1,8152.98,2022-02-01T02:15:52.980000,0.702864408493042,14730320.3125,P
20220201,CA.CEST.P,2022,2,1,CA,CEST,1,8301.380000000001,2022-02-01T02:18:21.380000,0.3495035469532013,9663244.995117188,P
20220201,CA.CEST.P,2022,2,1,CA,CEST,1,8617.75,2022-02-01T02:23:37.750000,0.8474262952804565,29062401.3671875,P
20220201,CA.CEST.P,2022,2,1,CA,CEST,1,9034.07,2022-02-01T02:30:34.070000,0.5756776928901672,39639189.94140625,P
20220201,CA.CEST.P,2022,2,1,CA,CEST,1,9169.27,2022-02-01T02:32:49.270000,0.5055984258651733,4686864.593505859,P
20220201,CA.CEST.P,2022,2,1,CA,CEST,1,9169.79,2022-02-01T02:32:49.790000,0.4095403254032135,8726895.874023438,P
20220201,CA.CEST.S,2022,2,1,CA,CEST,1,5727.83,2022-02-01T01:35:27.830000,0.501015305519104,16550174.31640625,S
20220201,CA.CEST.S,2022,2,1,CA,CEST,1,7385.33,2022-02-01T02:03:05.330000,0.9169472455978394,17753589750.0,S
20220201,CA.CEST.S,2022,2,1,CA,CEST,1,7625.0599999999995,2022-02-01T02:07:05.060000,0.7021674513816833,26915490.72265625,S
20220201,CA.CEST.S,2022,2,1,CA,CEST,1,7652.55,2022-02-01T02:07:32.550000,0.8146639466285706,15783233.032226562,S
20220201,CA.CEST.S,2022,2,1,CA,CEST,1,7684.65,2022-02-01T02:08:04.650000,0.9121631979942322,9435212.585449219,S
20220201,CA.CEST.S,2022,2,1,CA,CEST,1,7814.95,2022-02-01T02:10:14.950000,0.9024243354797363,417797910.15625,S
20220201,CA.CEST.S,2022,2,1,CA,CEST,1,8157.52,2022-02-01T02:15:57.520000,0.8623619675636292,12815599.792480469,S
20220201,CA.CEST.S,2022,2,1,CA,CEST,1,8198.47,2022-02-01T02:16:38.470000,0.34874337911605835,8779419.555664062,S
20220201,CA.CEST.S,2022,2,1,CA,CEST,1,8307.42,2022-02-01T02:18:27.420000,0.8309915065765381,9663244.995117188,S
20220201,CA.CEST.S,2022,2,1,CA,CEST,1,8619.51,2022-02-01T02:23:39.510000,0.9482230544090271,29062401.3671875,S
20220201,CA.CEST.S,2022,2,1,CA,CEST,1,9035.939999999999,2022-02-01T02:30:35.940000,0.6956808567047119,39639189.94140625,S
20220201,CA.CEST.S,2022,2,1,CA,CEST,1,9123.54,2022-02-01T02:32:03.540000,0.8440285325050354,6513408.630371094,S
20220201,CA.CEST.S,2022,2,1,CA,CEST,1,9173.880000000001,2022-02-01T02:32:53.880000,0.7982724905014038,8726895.874023438,S
20220201,CA.CEST.P,2022,2,1,CA,CEST,1,5723.12,2022-02-01T01:35:23.120000,0.6155662536621094,10263178.649902344,P
20220201,CA.CEST.P,2022,2,1,CA,CEST,1,7383.21,2022-02-01T02:03:03.210000,0.9422270655632019,16808338625.0,P
20220201,CA.CEST.P,2022,2,1,CA,CEST,1,7622.98,2022-02-01T02:07:02.980000,0.9768238663673401,24599584.838867188,P
20220201,CA.CEST.P,2022,2,1,CA,CEST,1,7650.469999999999,2022-02-01T02:07:30.470000,0.7258222699165344,12176294.006347656,P
20220201,CA.CEST.P,2022,2,1,CA,CEST,1,7682.53,2022-02-01T02:08:02.530000,0.9382484555244446,10396989.624023438,P
20220201,CA.CEST.P,2022,2,1,CA,CEST,1,7812.860000000001,2022-02-01T02:10:12.860000,0.9820164442062378,287347708.984375,P
20220201,CA.CEST.P,2022,2,1,CA,CEST,1,8617.48,2022-02-01T02:23:37.480000,0.8504683971405029,20164261.596679688,P
20220201,CA.CEST.P,2022,2,1,CA,CEST,1,9033.939999999999,2022-02-01T02:30:33.940000,0.836631715297699,26129179.565429688,P
20220201,CA.CEST.S,2022,2,1,CA,CEST,1,5727.91,2022-02-01T01:35:27.910000,0.36397573351860046,10263178.649902344,S
20220201,CA.CEST.S,2022,2,1,CA,CEST,1,7385.2,2022-02-01T02:03:05.200000,0.8275142908096313,16808338625.0,S
20220201,CA.CEST.S,2022,2,1,CA,CEST,1,7625.0599999999995,2022-02-01T02:07:05.060000,0.8226640820503235,24599584.838867188,S
20220201,CA.CEST.S,2022,2,1,CA,CEST,1,7652.5599999999995,2022-02-01T02:07:32.560000,0.7355669140815735,12176294.006347656,S
20220201,CA.CEST.S,2022,2,1,CA,CEST,1,7684.6,2022-02-01T02:08:04.600000,0.7290235757827759,10396989.624023438,S
20220201,CA.CEST.S,2022,2,1,CA,CEST,1,7814.98,2022-02-01T02:10:14.980000,0.8758753538131714,287347708.984375,S
20220201,CA.CEST.S,2022,2,1,CA,CEST,1,8619.48,2022-02-01T02:23:39.480000,0.8730244636535645,20164261.596679688,S
20220201,CA.CEST.S,2022,2,1,CA,CEST,1,9035.99,2022-02-01T02:30:35.990000,0.8430619835853577,26129179.565429688,S
20220201,CA.CORG.P,2022,2,1,CA,CORG,1,5726.9800000000005,2022-02-01T01:35:26.980000,0.4893518090248108,6090496.032714844,P
20220201,CA.CORG.P,2022,2,1,CA,CORG,1,7385.75,2022-02-01T02:03:05.750000,0.7851089835166931,4104307593.75,P
20220201,CA.CORG.P,2022,2,1,CA,CORG,1,7815.57,2022-02-01T02:10:15.570000,0.8771669268608093,50520329.58984375,P
20220201,CA.CORG.P,2022,2,1,CA,CORG,1,8621.29,2022-02-01T02:23:41.290000,0.3123157322406769,12062891.540527344,P
20220201,CA.CORG.P,2022,2,1,CA,CORG,1,9036.630000000001,2022-02-01T02:30:36.630000,0.7620452642440796,10204009.765625,P
20220201,CA.CORG.S,2022,2,1,CA,CORG,1,7390.48,2022-02-01T02:03:10.480000,0.5023394227027893,4104307593.75,S
20220201,CA.CORG.S,2022,2,1,CA,CORG,1,7630.4800000000005,2022-02-01T02:07:10.480000,0.33225080370903015,6383878.356933594,S
20220201,CA.CORG.S,2022,2,1,CA,CORG,1,7690.07,2022-02-01T02:08:10.070000,0.5309200882911682,3897840.606689453,S
20220201,CA.CORG.S,2022,2,1,CA,CORG,1,7820.4,2022-02-01T02:10:20.400000,0.46056368947029114,50520329.58984375,S
20220201,CA.CORG.S,2022,2,1,CA,CORG,1,8624.869999999999,2022-02-01T02:23:44.870000,0.5861655473709106,12062891.540527344,S
20220201,CA.CORG.S,2022,2,1,CA,CORG,1,9041.240000000002,2022-02-01T02:30:41.240000,0.7014287114143372,10204009.765625,S
20220201,CA.CORG.P,2022,2,1,CA,CORG,1,4897.35,2022-02-01T01:21:37.350000,0.49511241912841797,7035393.859863281,P
20220201,CA.CORG.P,2022,2,1,CA,CORG,1,5727.280000000001,2022-02-01T01:35:27.280000,0.3379456698894501,8134062.072753906,P
20220201,CA.CORG.P,2022,2,1,CA,CORG,1,7385.77,2022-02-01T02:03:05.770000,0.9163102507591248,4640011187.5,P
20220201,CA.CORG.P,2022,2,1,CA,CORG,1,7815.52,2022-02-01T02:10:15.520000,0.8492181301116943,46793830.078125,P
20220201,CA.CORG.P,2022,2,1,CA,CORG,1,8015.58,2022-02-01T02:13:35.580000,0.31012704968452454,4823019.04296875,P
20220201,CA.CORG.P,2022,2,1,CA,CORG,1,8620.36,2022-02-01T02:23:40.360000,0.6227701306343079,9125969.055175781,P
20220201,CA.CORG.P,2022,2,1,CA,CORG,1,9036.58,2022-02-01T02:30:36.580000,0.9389779567718506,11675617.858886719,P
20220201,CA.CORG.S,2022,2,1,CA,CORG,1,4901.06,2022-02-01T01:21:41.060000,0.309649795293808,4452807.861328125,S
20220201,CA.CORG.S,2022,2,1,CA,CORG,1,5735.34,2022-02-01T01:35:35.340000,0.3264915645122528,8134062.072753906,S
20220201,CA.CORG.S,2022,2,1,CA,CORG,1,7390.96,2022-02-01T02:03:10.960000,0.5735175609588623,4640011187.5,S
20220201,CA.CORG.S,2022,2,1,CA,CORG,1,7820.46,2022-02-01T02:10:20.460000,0.7810389399528503,46793830.078125,S
20220201,CA.CORG.S,2022,2,1,CA,CORG,1,8625.01,2022-02-01T02:23:45.010000,0.7810820937156677,6623000.915527344,S
20220201,CA.CORG.S,2022,2,1,CA,CORG,1,9041.380000000001,2022-02-01T02:30:41.380000,0.6388254761695862,11675617.858886719,S
20220201,CA.CORG.P,2022,2,1,CA,CORG,1,7385.77,2022-02-01T02:03:05.770000,0.9354538917541504,3975744906.25,P
20220201,CA.CORG.P,2022,2,1,CA,CORG,1,7815.5,2022-02-01T02:10:15.500000,0.6858020424842834,38037263.671875,P
20220201,CA.CORG.P,2022,2,1,CA,CORG,1,8620.55,2022-02-01T02:23:40.550000,0.5771256685256958,8948821.838378906,P
20220201,CA.CORG.P,2022,2,1,CA,CORG,1,9036.59,2022-02-01T02:30:36.590000,0.9170194864273071,9610349.975585938,P
20220201,CA.CORG.S,2022,2,1,CA,CORG,1,7390.74,2022-02-01T02:03:10.740000,0.6074936985969543,3975744906.25,S
20220201,CA.CORG.S,2022,2,1,CA,CORG,1,7820.4,2022-02-01T02:10:20.400000,0.3771752417087555,38037263.671875,S
20220201,CA.CORG.S,2022,2,1,CA,CORG,1,8625.0,2022-02-01T02:23:45.000000,0.5855844020843506,8591674.133300781,S
20220201,CA.CORG.S,2022,2,1,CA,CORG,1,9041.369999999999,2022-02-01T02:30:41.370000,0.8066035509109497,8857760.7421875,S
20220201,CA.CSOR.P,2022,2,1,CA,CSOR,1,7385.15,2022-02-01T02:03:05.150000,0.9218925833702087,19305040625.0,P
20220201,CA.CSOR.P,2022,2,1,CA,CSOR,1,7814.870000000001,2022-02-01T02:10:14.870000,0.9217116832733154,161216186.5234375,P
20220201,CA.CSOR.P,2022,2,1,CA,CSOR,1,8307.26,2022-02-01T02:18:27.260000,0.9255326390266418,9087369.750976562,P
20220201,CA.CSOR.P,2022,2,1,CA,CSOR,1,8619.75,2022-02-01T02:23:39.750000,0.6376599669456482,29460412.109375,P
20220201,CA.CSOR.P,2022,2,1,CA,CSOR,1,9035.89,2022-02-01T02:30:35.890000,0.9642804861068726,20878831.54296875,P
20220201,CA.CSOR.S,2022,2,1,CA,CSOR,1,5729.32,2022-02-01T01:35:29.320000,0.5426546931266785,15940186.767578125,S
20220201,CA.CSOR.S,2022,2,1,CA,CSOR,1,7389.05,2022-02-01T02:03:09.050000,0.8122780323028564,19305040625.0,S
20220201,CA.CSOR.S,2022,2,1,CA,CSOR,1,7628.4800000000005,2022-02-01T02:07:08.480000,0.3465910851955414,13474068.359375,S
20220201,CA.CSOR.S,2022,2,1,CA,CSOR,1,7656.16,2022-02-01T02:07:36.160000,0.5285410284996033,7232109.313964844,S
20220201,CA.CSOR.S,2022,2,1,CA,CSOR,1,7818.6900000000005,2022-02-01T02:10:18.690000,0.8836682438850403,161216186.5234375,S
20220201,CA.CSOR.S,2022,2,1,CA,CSOR,1,8211.68,2022-02-01T02:16:51.680000,0.4592511057853699,6844247.6806640625,S
20220201,CA.CSOR.S,2022,2,1,CA,CSOR,1,8311.27,2022-02-01T02:18:31.270000,0.5151041746139526,9087369.750976562,S
20220201,CA.CSOR.S,2022,2,1,CA,CSOR,1,8623.130000000001,2022-02-01T02:23:43.130000,0.8405560255050659,29460412.109375,S
20220201,CA.CSOR.S,2022,2,1,CA,CSOR,1,9039.53,2022-02-01T02:30:39.530000,0.9245171546936035,20878831.54296875,S
20220201,CA.CSOR.P,2022,2,1,CA,CSOR,1,7385.18,2022-02-01T02:03:05.180000,0.9258187413215637,24042440500.0,P
20220201,CA.CSOR.P,2022,2,1,CA,CSOR,1,7656.14,2022-02-01T02:07:36.140000,0.542701244354248,13304849.365234375,P
20220201,CA.CSOR.P,2022,2,1,CA,CSOR,1,7683.780000000001,2022-02-01T02:08:03.780000,0.3555084466934204,13327104.248046875,P
20220201,CA.CSOR.P,2022,2,1,CA,CSOR,1,7814.9,2022-02-01T02:10:14.900000,0.9212684035301208,243919355.46875,P
20220201,CA.CSOR.P,2022,2,1,CA,CSOR,1,8120.56,2022-02-01T02:15:20.560000,0.6397992372512817,11966990.356445312,P
20220201,CA.CSOR.P,2022,2,1,CA,CSOR,1,8156.540000000001,2022-02-01T02:15:56.540000,0.8034585118293762,10768332.275390625,P
20220201,CA.CSOR.P,2022,2,1,CA,CSOR,1,8198.34,2022-02-01T02:16:38.340000,0.32668337225914,12734116.516113281,P
20220201,CA.CSOR.P,2022,2,1,CA,CSOR,1,8307.34,2022-02-01T02:18:27.340000,0.6165868639945984,9909276.977539062,P
20220201,CA.CSOR.P,2022,2,1,CA,CSOR,1,8619.630000000001,2022-02-01T02:23:39.630000,0.5721495151519775,29516261.962890625,P
20220201,CA.CSOR.P,2022,2,1,CA,CSOR,1,9035.89,2022-02-01T02:30:35.890000,0.9130960702896118,47278902.099609375,P
20220201,CA.CSOR.S,2022,2,1,CA,CSOR,1,5729.04,2022-02-01T01:35:29.040000,0.7706145644187927,19071187.255859375,S
20220201,CA.CSOR.S,2022,2,1,CA,CSOR,1,7389.040000000001,2022-02-01T02:03:09.040000,0.9418667554855347,24042440500.0,S
20220201,CA.CSOR.S,2022,2,1,CA,CSOR,1,7408.83,2022-02-01T02:03:28.830000,0.42855972051620483,1520815562.5,S
20220201,CA.CSOR.S,2022,2,1,CA,CSOR,1,7628.8,2022-02-01T02:07:08.800000,0.43564045429229736,17443332.397460938,S
20220201,CA.CSOR.S,2022,2,1,CA,CSOR,1,7688.780000000001,2022-02-01T02:08:08.780000,0.35616573691368103,9412442.749023438,S
20220201,CA.CSOR.S,2022,2,1,CA,CSOR,1,7818.72,2022-02-01T02:10:18.720000,0.921689510345459,243919355.46875,S
20220201,CA.CSOR.S,2022,2,1,CA,CSOR,1,8161.85,2022-02-01T02:16:01.850000,0.6097724437713623,7284218.017578125,S
20220201,CA.CSOR.S,2022,2,1,CA,CSOR,1,8202.08,2022-02-01T02:16:42.080000,0.621455192565918,7433842.590332031,S
20220201,CA.CSOR.S,2022,2,1,CA,CSOR,1,8211.66,2022-02-01T02:16:51.660000,0.40964630246162415,8150572.326660156,S
20220201,CA.CSOR.S,2022,2,1,CA,CSOR,1,8311.02,2022-02-01T02:18:31.020000,0.40065935254096985,9909276.977539062,S
20220201,CA.CSOR.S,2022,2,1,CA,CSOR,1,8623.21,2022-02-01T02:23:43.210000,0.9269534945487976,29516261.962890625,S
20220201,CA.CSOR.S,2022,2,1,CA,CSOR,1,9039.6,2022-02-01T02:30:39.600000,0.8612765669822693,47278902.099609375,S
20220201,CA.CSOR.P,2022,2,1,CA,CSOR,1,7385.17,2022-02-01T02:03:05.170000,0.9716352820396423,13120710687.5,P
20220201,CA.CSOR.P,2022,2,1,CA,CSOR,1,7625.1900000000005,2022-02-01T02:07:05.190000,0.6112768650054932,9840289.0625,P
20220201,CA.CSOR.P,2022,2,1,CA,CSOR,1,7684.6,2022-02-01T02:08:04.600000,0.3537684977054596,9684377.9296875,P
20220201,CA.CSOR.P,2022,2,1,CA,CSOR,1,7814.85,2022-02-01T02:10:14.850000,0.9696587920188904,114676897.4609375,P
20220201,CA.CSOR.P,2022,2,1,CA,CSOR,1,8307.27,2022-02-01T02:18:27.270000,0.3466801941394806,6069600.738525391,P
20220201,CA.CSOR.P,2022,2,1,CA,CSOR,1,8619.470000000001,2022-02-01T02:23:39.470000,0.7681970596313477,14609770.385742188,P
20220201,CA.CSOR.P,2022,2,1,CA,CSOR,1,9035.880000000001,2022-02-01T02:30:35.880000,0.9605759382247925,19688360.3515625,P
20220201,CA.CSOR.S,2022,2,1,CA,CSOR,1,7388.780000000001,2022-02-01T02:03:08.780000,0.42577895522117615,13120710687.5,S
20220201,CA.CSOR.S,2022,2,1,CA,CSOR,1,7628.34,2022-02-01T02:07:08.340000,0.634124219417572,9840289.0625,S
20220201,CA.CSOR.S,2022,2,1,CA,CSOR,1,7819.1900000000005,2022-02-01T02:10:19.190000,0.5667564272880554,106140169.43359375,S
20220201,CA.CSOR.S,2022,2,1,CA,CSOR,1,9040.119999999999,2022-02-01T02:30:40.120000,0.46658486127853394,19688360.3515625,S
20220201,FR.CARF.P,2022,2,1,FR,CARF,1,7389.9,2022-02-01T02:03:09.900000,0.9194597005844116,997942400000.0,P
20220201,FR.CARF.P,2022,2,1,FR,CARF,1,7819.29,2022-02-01T02:10:19.290000,0.5750164985656738,15924558000.0,P
20220201,FR.CARF.S,2022,2,1,FR,CARF,1,6241.33,2022-02-01T01:44:01.330000,0.7181549668312073,1725360609.375,S
20220201,FR.CARF.S,2022,2,1,FR,CARF,1,7397.27,2022-02-01T02:03:17.270000,0.701216459274292,997942400000.0,S
20220201,FR.CARF.S,2022,2,1,FR,CARF,1,7827.03,2022-02-01T02:10:27.030000,0.9040678143501282,15924558000.0,S
20220201,FR.CARF.S,2022,2,1,FR,CARF,1,8090.21,2022-02-01T02:14:50.210000,0.3090210258960724,10982179000.0,S
20220201,FR.CARF.S,2022,2,1,FR,CARF,1,8631.529999999999,2022-02-01T02:23:51.530000,0.3574315309524536,1599184945.3125,S
20220201,FR.CARF.S,2022,2,1,FR,CARF,1,9047.89,2022-02-01T02:30:47.890000,0.7774433493614197,3677700812.5,S
20220201,FR.CARF.P,2022,2,1,FR,CARF,1,6239.87,2022-02-01T01:43:59.870000,0.5807750225067139,2290571359.375,P
20220201,FR.CARF.P,2022,2,1,FR,CARF,1,7389.889999999999,2022-02-01T02:03:09.890000,0.8889232277870178,457709408000.0,P
20220201,FR.CARF.P,2022,2,1,FR,CARF,1,7819.54,2022-02-01T02:10:19.540000,0.8364829421043396,12201932437.5,P
20220201,FR.CARF.S,2022,2,1,FR,CARF,1,6241.3,2022-02-01T01:44:01.300000,0.9316461682319641,2290571359.375,S
20220201,FR.CARF.S,2022,2,1,FR,CARF,1,7397.3099999999995,2022-02-01T02:03:17.310000,0.6898171305656433,457709408000.0,S
20220201,FR.CARF.S,2022,2,1,FR,CARF,1,7827.03,2022-02-01T02:10:27.030000,0.8867927193641663,12201932437.5,S
20220201,FR.CARF.S,2022,2,1,FR,CARF,1,8631.529999999999,2022-02-01T02:23:51.530000,0.8013623952865601,2189585125.0,S
20220201,FR.CARF.S,2022,2,1,FR,CARF,1,9047.9,2022-02-01T02:30:47.900000,0.40716299414634705,2307042359.375,S
20220201,FR.CARF.P,2022,2,1,FR,CARF,1,7389.9,2022-02-01T02:03:09.900000,0.9572402238845825,415429326000.0,P
20220201,FR.CARF.P,2022,2,1,FR,CARF,1,7819.639999999999,2022-02-01T02:10:19.640000,0.9608827829360962,7174717875.0,P
20220201,FR.CARF.S,2022,2,1,FR,CARF,1,7397.33,2022-02-01T02:03:17.330000,0.6165802478790283,415429326000.0,S
20220201,FR.CARF.S,2022,2,1,FR,CARF,1,7827.07,2022-02-01T02:10:27.070000,0.8153751492500305,7174717875.0,S
20220201,FR.FNEB.P,2022,2,1,FR,FNEB,1,4581.47,2022-02-01T01:16:21.470000,0.6113585829734802,17268465500.0,P
20220201,FR.FNEB.P,2022,2,1,FR,FNEB,1,4741.91,2022-02-01T01:19:01.910000,0.31039610505104065,14584916125.0,P
20220201,FR.FNEB.P,2022,2,1,FR,FNEB,1,4842.4800000000005,2022-02-01T01:20:42.480000,0.5218886733055115,39289129750.0,P
20220201,FR.FNEB.P,2022,2,1,FR,FNEB,1,4969.72,2022-02-01T01:22:49.720000,0.4012671113014221,38682777250.0,P
20220201,FR.FNEB.P,2022,2,1,FR,FNEB,1,4999.150000000001,2022-02-01T01:23:19.150000,0.44563913345336914,16117840375.0,P
20220201,FR.FNEB.P,2022,2,1,FR,FNEB,1,5049.58,2022-02-01T01:24:09.580000,0.33480969071388245,8795033000.0,P
20220201,FR.FNEB.P,2022,2,1,FR,FNEB,1,5086.24,2022-02-01T01:24:46.240000,0.4005233943462372,27714267750.0,P
20220201,FR.FNEB.P,2022,2,1,FR,FNEB,1,5158.32,2022-02-01T01:25:58.320000,0.5576881766319275,9685008937.5,P
20220201,FR.FNEB.P,2022,2,1,FR,FNEB,1,5306.59,2022-02-01T01:28:26.590000,0.39317116141319275,19773635375.0,P
20220201,FR.FNEB.P,2022,2,1,FR,FNEB,1,5426.110000000001,2022-02-01T01:30:26.110000,0.6649966239929199,20676964750.0,P
20220201,FR.FNEB.P,2022,2,1,FR,FNEB,1,5801.68,2022-02-01T01:36:41.680000,0.387052446603775,11519355250.0,P
20220201,FR.FNEB.P,2022,2,1,FR,FNEB,1,6352.32,2022-02-01T01:45:52.320000,0.31675034761428833,16382626000.0,P
20220201,FR.FNEB.P,2022,2,1,FR,FNEB,1,6439.96,2022-02-01T01:47:19.960000,0.6065151691436768,29139431750.0,P
20220201,FR.FNEB.P,2022,2,1,FR,FNEB,1,6903.75,2022-02-01T01:55:03.750000,0.8040037751197815,11496158375.0,P
20220201,FR.FNEB.P,2022,2,1,FR,FNEB,1,6940.06,2022-02-01T01:55:40.060000,0.3869425654411316,11228938500.0,P
20220201,FR.FNEB.P,2022,2,1,FR,FNEB,1,7391.82,2022-02-01T02:03:11.820000,0.8494740724563599,409415500000.0,P
20220201,FR.FNEB.P,2022,2,1,FR,FNEB,1,7821.84,2022-02-01T02:10:21.840000,0.706483781337738,6536341093.75,P
20220201,FR.FNEB.P,2022,2,1,FR,FNEB,1,7859.5,2022-02-01T02:10:59.500000,0.7456703782081604,16721232125.0,P
20220201,FR.FNEB.P,2022,2,1,FR,FNEB,1,8026.27,2022-02-01T02:13:46.270000,0.41649356484413147,11194837062.5,P
20220201,FR.FNEB.P,2022,2,1,FR,FNEB,1,8289.28,2022-02-01T02:18:09.280000,0.8450942039489746,7307524250.0,P
20220201,FR.FNEB.P,2022,2,1,FR,FNEB,1,9093.94,2022-02-01T02:31:33.940000,0.3369399905204773,16775357625.0,P
20220201,FR.FNEB.P,2022,2,1,FR,FNEB,1,9126.44,2022-02-01T02:32:06.440000,0.6576181650161743,18186060750.0,P
20220201,FR.FNEB.S,2022,2,1,FR,FNEB,1,4523.68,2022-02-01T01:15:23.680000,0.5490084290504456,13832903500.0,S
20220201,FR.FNEB.S,2022,2,1,FR,FNEB,1,4582.75,2022-02-01T01:16:22.750000,0.604470431804657,17268465500.0,S
20220201,FR.FNEB.S,2022,2,1,FR,FNEB,1,4616.06,2022-02-01T01:16:56.060000,0.5957466959953308,53904539000.0,S
20220201,FR.FNEB.S,2022,2,1,FR,FNEB,1,4664.24,2022-02-01T01:17:44.240000,0.3541368544101715,6908445375.0,S
20220201,FR.FNEB.S,2022,2,1,FR,FNEB,1,4843.1900000000005,2022-02-01T01:20:43.190000,0.445782333612442,39289129750.0,S
20220201,FR.FNEB.S,2022,2,1,FR,FNEB,1,5013.9400000000005,2022-02-01T01:23:33.940000,0.4286850094795227,18621260125.0,S
20220201,FR.FNEB.S,2022,2,1,FR,FNEB,1,5050.74,2022-02-01T01:24:10.740000,0.3507385849952698,8795033000.0,S
20220201,FR.FNEB.S,2022,2,1,FR,FNEB,1,5309.71,2022-02-01T01:28:29.710000,0.32111039757728577,19773635375.0,S
20220201,FR.FNEB.S,2022,2,1,FR,FNEB,1,5426.6900000000005,2022-02-01T01:30:26.690000,0.827637791633606,20676964750.0,S
20220201,FR.FNEB.S,2022,2,1,FR,FNEB,1,5690.400000000001,2022-02-01T01:34:50.400000,0.5460046529769897,14493964875.0,S
20220201,FR.FNEB.S,2022,2,1,FR,FNEB,1,5803.02,2022-02-01T01:36:43.020000,0.520272970199585,11519355250.0,S
20220201,FR.FNEB.S,2022,2,1,FR,FNEB,1,5822.58,2022-02-01T01:37:02.580000,0.3932490348815918,13175850187.5,S
20220201,FR.FNEB.S,2022,2,1,FR,FNEB,1,6440.56,2022-02-01T01:47:20.560000,0.46621114015579224,29139431750.0,S
20220201,FR.FNEB.S,2022,2,1,FR,FNEB,1,6849.75,2022-02-01T01:54:09.750000,0.44170942902565,8406285062.5,S
20220201,FR.FNEB.S,2022,2,1,FR,FNEB,1,7400.700000000001,2022-02-01T02:03:20.700000,0.46737968921661377,459372524000.0,S
20220201,FR.FNEB.S,2022,2,1,FR,FNEB,1,7544.42,2022-02-01T02:05:44.420000,0.34810662269592285,13006662500.0,S
20220201,FR.FNEB.S,2022,2,1,FR,FNEB,1,7572.0,2022-02-01T02:06:12.000000,0.49231693148612976,7167338750.0,S
20220201,FR.FNEB.S,2022,2,1,FR,FNEB,1,7830.280000000001,2022-02-01T02:10:30.280000,0.5926006436347961,6536341093.75,S
20220201,FR.FNEB.S,2022,2,1,FR,FNEB,1,7861.66,2022-02-01T02:11:01.660000,0.5192453861236572,16721232125.0,S
20220201,FR.FNEB.S,2022,2,1,FR,FNEB,1,8027.82,2022-02-01T02:13:47.820000,0.3335471749305725,11194837062.5,S
20220201,FR.FNEB.S,2022,2,1,FR,FNEB,1,8294.98,2022-02-01T02:18:14.980000,0.32721877098083496,7307524250.0,S
20220201,FR.FNEB.S,2022,2,1,FR,FNEB,1,8701.82,2022-02-01T02:25:01.820000,0.47821173071861267,9370699812.5,S
20220201,FR.FNEB.S,2022,2,1,FR,FNEB,1,9095.14,2022-02-01T02:31:35.140000,0.48082947731018066,16775357625.0,S
20220201,FR.FNEB.P,2022,2,1,FR,FNEB,1,4581.4400000000005,2022-02-01T01:16:21.440000,0.5201011896133423,9092399875.0,P
20220201,FR.FNEB.P,2022,2,1,FR,FNEB,1,4614.2,2022-02-01T01:16:54.200000,0.5029564499855042,28964763750.0,P
20220201,FR.FNEB.P,2022,2,1,FR,FNEB,1,4741.88,2022-02-01T01:19:01.880000,0.3603651821613312,8932339812.5,P
20220201,FR.FNEB.P,2022,2,1,FR,FNEB,1,4842.38,2022-02-01T01:20:42.380000,0.30392205715179443,21194405375.0,P
20220201,FR.FNEB.P,2022,2,1,FR,FNEB,1,5689.79,2022-02-01T01:34:49.790000,0.664280354976654,9200043125.0,P
20220201,FR.FNEB.P,2022,2,1,FR,FNEB,1,6054.93,2022-02-01T01:40:54.930000,0.925642192363739,12002688750.0,P
20220201,FR.FNEB.P,2022,2,1,FR,FNEB,1,6352.280000000001,2022-02-01T01:45:52.280000,0.383613258600235,8044894000.0,P
20220201,FR.FNEB.P,2022,2,1,FR,FNEB,1,6367.47,2022-02-01T01:46:07.470000,0.323604017496109,13243485937.5,P
20220201,FR.FNEB.P,2022,2,1,FR,FNEB,1,6437.68,2022-02-01T01:47:17.680000,0.6169621348381042,4647531281.25,P
20220201,FR.FNEB.P,2022,2,1,FR,FNEB,1,6439.99,2022-02-01T01:47:19.990000,0.343014121055603,16405948000.0,P
20220201,FR.FNEB.P,2022,2,1,FR,FNEB,1,6541.39,2022-02-01T01:49:01.390000,0.35510534048080444,13726981125.0,P
20220201,FR.FNEB.P,2022,2,1,FR,FNEB,1,6631.38,2022-02-01T01:50:31.380000,0.329804927110672,12292496125.0,P
20220201,FR.FNEB.P,2022,2,1,FR,FNEB,1,6903.790000000001,2022-02-01T01:55:03.790000,0.7193962931632996,9712732250.0,P
20220201,FR.FNEB.P,2022,2,1,FR,FNEB,1,6940.07,2022-02-01T01:55:40.070000,0.5920520424842834,6746980906.25,P
20220201,FR.FNEB.P,2022,2,1,FR,FNEB,1,7093.16,2022-02-01T01:58:13.160000,0.43140456080436707,4141178031.25,P
20220201,FR.FNEB.P,2022,2,1,FR,FNEB,1,7391.84,2022-02-01T02:03:11.840000,0.8432419896125793,209231555000.0,P
20220201,FR.FNEB.P,2022,2,1,FR,FNEB,1,7619.35,2022-02-01T02:06:59.350000,0.7955734133720398,6624271468.75,P
20220201,FR.FNEB.P,2022,2,1,FR,FNEB,1,7738.68,2022-02-01T02:08:58.680000,0.41509443521499634,7640663875.0,P
20220201,FR.FNEB.P,2022,2,1,FR,FNEB,1,7821.71,2022-02-01T02:10:21.710000,0.5448901653289795,5000777437.5,P
20220201,FR.FNEB.P,2022,2,1,FR,FNEB,1,7895.040000000001,2022-02-01T02:11:35.040000,0.3162302076816559,13095310312.5,P
20220201,FR.FNEB.P,2022,2,1,FR,FNEB,1,8500.16,2022-02-01T02:21:40.160000,0.6266058683395386,11923262812.5,P
20220201,FR.FNEB.P,2022,2,1,FR,FNEB,1,9125.51,2022-02-01T02:32:05.510000,0.39171695709228516,2756378625.0,P
20220201,FR.FNEB.P,2022,2,1,FR,FNEB,1,9126.52,2022-02-01T02:32:06.520000,0.7494966983795166,7277014875.0,P
20220201,FR.FNEB.S,2022,2,1,FR,FNEB,1,4582.99,2022-02-01T01:16:22.990000,0.4928451478481293,9092399875.0,S
20220201,FR.FNEB.S,2022,2,1,FR,FNEB,1,4616.04,2022-02-01T01:16:56.040000,0.606505274772644,28964763750.0,S
20220201,FR.FNEB.S,2022,2,1,FR,FNEB,1,4988.26,2022-02-01T01:23:08.260000,0.4125276803970337,70740696000.0,S
20220201,FR.FNEB.S,2022,2,1,FR,FNEB,1,5014.030000000001,2022-02-01T01:23:34.030000,0.8354313969612122,14204446750.0,S
20220201,FR.FNEB.S,2022,2,1,FR,FNEB,1,5050.67,2022-02-01T01:24:10.670000,0.31872349977493286,5403276937.5,S
20220201,FR.FNEB.S,2022,2,1,FR,FNEB,1,5690.96,2022-02-01T01:34:50.960000,0.66380375623703,9200043125.0,S
20220201,FR.FNEB.S,2022,2,1,FR,FNEB,1,6059.64,2022-02-01T01:40:59.640000,0.7992903590202332,12002688750.0,S
20220201,FR.FNEB.S,2022,2,1,FR,FNEB,1,6218.62,2022-02-01T01:43:38.620000,0.3240984082221985,11312865687.5,S
20220201,FR.FNEB.S,2022,2,1,FR,FNEB,1,6368.62,2022-02-01T01:46:08.620000,0.4921298921108246,13243485937.5,S
20220201,FR.FNEB.S,2022,2,1,FR,FNEB,1,6440.4800000000005,2022-02-01T01:47:20.480000,0.37453633546829224,16405948000.0,S
20220201,FR.FNEB.S,2022,2,1,FR,FNEB,1,6542.88,2022-02-01T01:49:02.880000,0.6347534656524658,13726981125.0,S
20220201,FR.FNEB.S,2022,2,1,FR,FNEB,1,6907.33,2022-02-01T01:55:07.330000,0.5546591281890869,9712732250.0,S
20220201,FR.FNEB.S,2022,2,1,FR,FNEB,1,6941.33,2022-02-01T01:55:41.330000,0.5414972901344299,6746980906.25,S
20220201,FR.FNEB.S,2022,2,1,FR,FNEB,1,7311.72,2022-02-01T02:01:51.720000,0.33712324500083923,12979581875.0,S
20220201,FR.FNEB.S,2022,2,1,FR,FNEB,1,7400.75,2022-02-01T02:03:20.750000,0.7373440861701965,382956106000.0,S
20220201,FR.FNEB.S,2022,2,1,FR,FNEB,1,7620.97,2022-02-01T02:07:00.970000,0.4400850832462311,6624271468.75,S
20220201,FR.FNEB.S,2022,2,1,FR,FNEB,1,7739.72,2022-02-01T02:08:59.720000,0.5643038153648376,7640663875.0,S
20220201,FR.FNEB.S,2022,2,1,FR,FNEB,1,7830.41,2022-02-01T02:10:30.410000,0.5712735056877136,5000777437.5,S
20220201,FR.FNEB.S,2022,2,1,FR,FNEB,1,8028.84,2022-02-01T02:13:48.840000,0.41188791394233704,6800546593.75,S
20220201,FR.FNEB.S,2022,2,1,FR,FNEB,1,8505.58,2022-02-01T02:21:45.580000,0.31682541966438293,11923262812.5,S
20220201,FR.FNEB.S,2022,2,1,FR,FNEB,1,9128.3,2022-02-01T02:32:08.300000,0.36760663986206055,6741355562.5,S
20220201,FR.FNEB.P,2022,2,1,FR,FNEB,1,4616.0,2022-02-01T01:16:56.000000,0.3380253314971924,10192112937.5,P
20220201,FR.FNEB.P,2022,2,1,FR,FNEB,1,4842.59,2022-02-01T01:20:42.590000,0.49425843358039856,6005453593.75,P
20220201,FR.FNEB.P,2022,2,1,FR,FNEB,1,4969.72,2022-02-01T01:22:49.720000,0.3531299829483032,9478400750.0,P
20220201,FR.FNEB.P,2022,2,1,FR,FNEB,1,7391.82,2022-02-01T02:03:11.820000,0.9460676312446594,141914240000.0,P
20220201,FR.FNEB.P,2022,2,1,FR,FNEB,1,7619.4800000000005,2022-02-01T02:06:59.480000,0.6755638718605042,3028099953.125,P
20220201,FR.FNEB.P,2022,2,1,FR,FNEB,1,7821.67,2022-02-01T02:10:21.670000,0.7230628132820129,4146003875.0,P
20220201,FR.FNEB.P,2022,2,1,FR,FNEB,1,8500.19,2022-02-01T02:21:40.190000,0.5722101330757141,5164440937.5,P
20220201,FR.FNEB.S,2022,2,1,FR,FNEB,1,4616.400000000001,2022-02-01T01:16:56.400000,0.7309226393699646,10192112937.5,S
20220201,FR.FNEB.S,2022,2,1,FR,FNEB,1,7401.52,2022-02-01T02:03:21.520000,0.47623077034950256,225481048000.0,S
20220201,FR.FNEB.S,2022,2,1,FR,FNEB,1,7620.950000000001,2022-02-01T02:07:00.950000,0.5100677609443665,2763694171.875,S
20220201,FR.FNEB.S,2022,2,1,FR,FNEB,1,8505.76,2022-02-01T02:21:45.760000,0.5099141001701355,5164440937.5,S
20220201,FR.GENF.P,2022,2,1,FR,GENF,1,7386.15,2022-02-01T02:03:06.150000,0.7352024912834167,3999971218.75,P
20220201,FR.GENF.P,2022,2,1,FR,GENF,1,7630.34,2022-02-01T02:07:10.340000,0.7594535946846008,6704258.056640625,P
20220201,FR.GENF.P,2022,2,1,FR,GENF,1,7657.780000000001,2022-02-01T02:07:37.780000,0.3128228783607483,4802153.106689453,P
20220201,FR.GENF.P,2022,2,1,FR,GENF,1,7685.59,2022-02-01T02:08:05.590000,0.371408611536026,5517204.284667969,P
20220201,FR.GENF.P,2022,2,1,FR,GENF,1,7815.860000000001,2022-02-01T02:10:15.860000,0.9853475689888,91314710.44921875,P
20220201,FR.GENF.P,2022,2,1,FR,GENF,1,8620.470000000001,2022-02-01T02:23:40.470000,0.8345244526863098,15588318.725585938,P
20220201,FR.GENF.P,2022,2,1,FR,GENF,1,9036.8,2022-02-01T02:30:36.800000,0.9824736714363098,10342285.522460938,P
20220201,FR.GENF.S,2022,2,1,FR,GENF,1,5736.31,2022-02-01T01:35:36.310000,0.3616516888141632,6397008.087158203,S
20220201,FR.GENF.S,2022,2,1,FR,GENF,1,7633.46,2022-02-01T02:07:13.460000,0.6953504681587219,6067811.492919922,S
20220201,FR.GENF.S,2022,2,1,FR,GENF,1,7689.860000000001,2022-02-01T02:08:09.860000,0.5249486565589905,4404041.198730469,S
20220201,FR.GENF.S,2022,2,1,FR,GENF,1,7820.200000000001,2022-02-01T02:10:20.200000,0.8611718416213989,91314710.44921875,S
20220201,FR.GENF.S,2022,2,1,FR,GENF,1,8624.76,2022-02-01T02:23:44.760000,0.7208354473114014,15588318.725585938,S
20220201,FR.GENF.S,2022,2,1,FR,GENF,1,9041.119999999999,2022-02-01T02:30:41.120000,0.8014479875564575,10342285.522460938,S
20220201,FR.GENF.P,2022,2,1,FR,GENF,1,7386.18,2022-02-01T02:03:06.180000,0.9114173650741577,5298039093.75,P
20220201,FR.GENF.P,2022,2,1,FR,GENF,1,7630.1900000000005,2022-02-01T02:07:10.190000,0.8599574565887451,8966361.999511719,P
20220201,FR.GENF.P,2022,2,1,FR,GENF,1,7657.57,2022-02-01T02:07:37.570000,0.48015686869621277,7643189.880371094,P
20220201,FR.GENF.P,2022,2,1,FR,GENF,1,7685.6,2022-02-01T02:08:05.600000,0.4883563220500946,6329565.4296875,P
20220201,FR.GENF.P,2022,2,1,FR,GENF,1,7815.85,2022-02-01T02:10:15.850000,0.9593292474746704,171908673.828125,P
20220201,FR.GENF.P,2022,2,1,FR,GENF,1,8203.5,2022-02-01T02:16:43.500000,0.48096519708633423,6653759.674072266,P
20220201,FR.GENF.P,2022,2,1,FR,GENF,1,8620.46,2022-02-01T02:23:40.460000,0.8285790085792542,21123573.364257812,P
20220201,FR.GENF.P,2022,2,1,FR,GENF,1,9036.8,2022-02-01T02:30:36.800000,0.9312875270843506,19210177.124023438,P
20220201,FR.GENF.S,2022,2,1,FR,GENF,1,5420.88,2022-02-01T01:30:20.880000,0.5677284002304077,3273773.162841797,S
20220201,FR.GENF.S,2022,2,1,FR,GENF,1,5505.52,2022-02-01T01:31:45.520000,0.5760331153869629,2419063.8275146484,S
20220201,FR.GENF.S,2022,2,1,FR,GENF,1,5736.27,2022-02-01T01:35:36.270000,0.46186837553977966,7676983.215332031,S
20220201,FR.GENF.S,2022,2,1,FR,GENF,1,5784.96,2022-02-01T01:36:24.960000,0.31697705388069153,3032585.433959961,S
20220201,FR.GENF.S,2022,2,1,FR,GENF,1,5858.24,2022-02-01T01:37:38.240000,0.37512823939323425,3170328.7811279297,S
20220201,FR.GENF.S,2022,2,1,FR,GENF,1,5922.950000000001,2022-02-01T01:38:42.950000,0.40418538451194763,3452790.557861328,S
20220201,FR.GENF.S,2022,2,1,FR,GENF,1,6200.24,2022-02-01T01:43:20.240000,0.3827250599861145,3693505.584716797,S
20220201,FR.GENF.S,2022,2,1,FR,GENF,1,7390.52,2022-02-01T02:03:10.520000,0.8285277485847473,5298039093.75,S
20220201,FR.GENF.S,2022,2,1,FR,GENF,1,7633.41,2022-02-01T02:07:13.410000,0.6212800741195679,7924983.7646484375,S
20220201,FR.GENF.S,2022,2,1,FR,GENF,1,7657.65,2022-02-01T02:07:37.650000,0.45037293434143066,7643189.880371094,S
20220201,FR.GENF.S,2022,2,1,FR,GENF,1,7665.06,2022-02-01T02:07:45.060000,0.33377137780189514,3166966.30859375,S
20220201,FR.GENF.S,2022,2,1,FR,GENF,1,7689.82,2022-02-01T02:08:09.820000,0.7470526695251465,6329565.4296875,S
20220201,FR.GENF.S,2022,2,1,FR,GENF,1,7820.18,2022-02-01T02:10:20.180000,0.81389981508255,171908673.828125,S
20220201,FR.GENF.S,2022,2,1,FR,GENF,1,8104.32,2022-02-01T02:15:04.320000,0.394268274307251,2837615.7836914062,S
20220201,FR.GENF.S,2022,2,1,FR,GENF,1,8126.1,2022-02-01T02:15:26.100000,0.4652126133441925,3715485.137939453,S
20220201,FR.GENF.S,2022,2,1,FR,GENF,1,8162.74,2022-02-01T02:16:02.740000,0.7835499048233032,3549571.2890625,S
20220201,FR.GENF.S,2022,2,1,FR,GENF,1,8213.060000000001,2022-02-01T02:16:53.060000,0.3319816291332245,4254326.171875,S
20220201,FR.GENF.S,2022,2,1,FR,GENF,1,8312.49,2022-02-01T02:18:32.490000,0.8901069164276123,4122412.353515625,S
20220201,FR.GENF.S,2022,2,1,FR,GENF,1,8430.3,2022-02-01T02:20:30.300000,0.3090836703777313,2269304.962158203,S
20220201,FR.GENF.S,2022,2,1,FR,GENF,1,8441.3,2022-02-01T02:20:41.300000,0.35284629464149475,2818520.248413086,S
20220201,FR.GENF.S,2022,2,1,FR,GENF,1,8624.650000000001,2022-02-01T02:23:44.650000,0.8084961771965027,21123573.364257812,S
20220201,FR.GENF.S,2022,2,1,FR,GENF,1,8791.42,2022-02-01T02:26:31.420000,0.5883098244667053,4208475.067138672,S
20220201,FR.GENF.S,2022,2,1,FR,GENF,1,9041.08,2022-02-01T02:30:41.080000,0.8499295115470886,19210177.124023438,S
20220201,FR.GENF.P,2022,2,1,FR,GENF,1,7386.14,2022-02-01T02:03:06.140000,0.9192302823066711,2851953609.375,P
20220201,FR.GENF.P,2022,2,1,FR,GENF,1,7630.26,2022-02-01T02:07:10.260000,0.33552286028862,6264041.351318359,P
20220201,FR.GENF.P,2022,2,1,FR,GENF,1,7685.540000000001,2022-02-01T02:08:05.540000,0.8723308444023132,4385231.903076172,P
20220201,FR.GENF.P,2022,2,1,FR,GENF,1,7815.870000000001,2022-02-01T02:10:15.870000,0.9858963489532471,73376170.41015625,P
20220201,FR.GENF.P,2022,2,1,FR,GENF,1,8620.45,2022-02-01T02:23:40.450000,0.8503671288490295,10678552.612304688,P
20220201,FR.GENF.P,2022,2,1,FR,GENF,1,9036.810000000001,2022-02-01T02:30:36.810000,0.9739214777946472,12145466.613769531,P
20220201,FR.GENF.S,2022,2,1,FR,GENF,1,7390.38,2022-02-01T02:03:10.380000,0.7473713755607605,2851953609.375,S
20220201,FR.GENF.S,2022,2,1,FR,GENF,1,7633.4400000000005,2022-02-01T02:07:13.440000,0.5529033541679382,6264041.351318359,S
20220201,FR.GENF.S,2022,2,1,FR,GENF,1,7657.67,2022-02-01T02:07:37.670000,0.36457201838493347,4298159.912109375,S
20220201,FR.GENF.S,2022,2,1,FR,GENF,1,7689.780000000001,2022-02-01T02:08:09.780000,0.5731920003890991,4385231.903076172,S
20220201,FR.GENF.S,2022,2,1,FR,GENF,1,7820.17,2022-02-01T02:10:20.170000,0.8493539094924927,73376170.41015625,S
20220201,FR.GENF.S,2022,2,1,FR,GENF,1,8624.69,2022-02-01T02:23:44.690000,0.9056428670883179,10678552.612304688,S
20220201,FR.GENF.S,2022,2,1,FR,GENF,1,9041.119999999999,2022-02-01T02:30:41.120000,0.866306483745575,12145466.613769531,S
20220201,FR.PAND.P,2022,2,1,FR,PAND,1,7381.89,2022-02-01T02:03:01.890000,0.9485451579093933,24224420480000.0,P
20220201,FR.PAND.P,2022,2,1,FR,PAND,1,7458.34,2022-02-01T02:04:18.340000,0.504345178604126,24981914750.0,P
20220201,FR.PAND.P,2022,2,1,FR,PAND,1,7559.63,2022-02-01T02:05:59.630000,0.5098560452461243,4508707937.5,P
20220201,FR.PAND.P,2022,2,1,FR,PAND,1,7573.52,2022-02-01T02:06:13.520000,0.83741295337677,6703831062.5,P
20220201,FR.PAND.P,2022,2,1,FR,PAND,1,7621.63,2022-02-01T02:07:01.630000,0.962382435798645,28311819250.0,P
20220201,FR.PAND.P,2022,2,1,FR,PAND,1,7649.14,2022-02-01T02:07:29.140000,0.9813817143440247,10306841187.5,P
20220201,FR.PAND.P,2022,2,1,FR,PAND,1,7681.27,2022-02-01T02:08:01.270000,0.9868866205215454,21228891125.0,P
20220201,FR.PAND.P,2022,2,1,FR,PAND,1,7714.120000000001,2022-02-01T02:08:34.120000,0.8188509941101074,2019754343.75,P
20220201,FR.PAND.P,2022,2,1,FR,PAND,1,7769.6,2022-02-01T02:09:29.600000,0.9042938947677612,5329658750.0,P
20220201,FR.PAND.P,2022,2,1,FR,PAND,1,7774.43,2022-02-01T02:09:34.430000,0.5334939360618591,3696056406.25,P
20220201,FR.PAND.P,2022,2,1,FR,PAND,1,7811.620000000001,2022-02-01T02:10:11.620000,0.9833765029907227,414887304000.0,P
20220201,FR.PAND.P,2022,2,1,FR,PAND,1,7861.08,2022-02-01T02:11:01.080000,0.9136745929718018,2436760015.625,P
20220201,FR.PAND.P,2022,2,1,FR,PAND,1,7935.51,2022-02-01T02:12:15.510000,0.9493919014930725,2652810062.5,P
20220201,FR.PAND.P,2022,2,1,FR,PAND,1,7964.3,2022-02-01T02:12:44.300000,0.9751524925231934,1738106093.75,P
20220201,FR.PAND.P,2022,2,1,FR,PAND,1,7987.67,2022-02-01T02:13:07.670000,0.9404362440109253,1699861515.625,P
20220201,FR.PAND.P,2022,2,1,FR,PAND,1,8042.91,2022-02-01T02:14:02.910000,0.9635090231895447,3309768312.5,P
20220201,FR.PAND.P,2022,2,1,FR,PAND,1,8096.3,2022-02-01T02:14:56.300000,0.36623668670654297,2041644312.5,P
20220201,FR.PAND.P,2022,2,1,FR,PAND,1,8117.530000000001,2022-02-01T02:15:17.530000,0.9582409262657166,5355528750.0,P
20220201,FR.PAND.P,2022,2,1,FR,PAND,1,8129.32,2022-02-01T02:15:29.320000,0.9167027473449707,2970912953.125,P
20220201,FR.PAND.P,2022,2,1,FR,PAND,1,8149.74,2022-02-01T02:15:49.740000,0.9456264972686768,6897788625.0,P
20220201,FR.PAND.P,2022,2,1,FR,PAND,1,8194.98,2022-02-01T02:16:34.980000,0.979723334312439,3916935343.75,P
20220201,FR.PAND.P,2022,2,1,FR,PAND,1,8204.55,2022-02-01T02:16:44.550000,0.9797109365463257,3577323343.75,P
20220201,FR.PAND.P,2022,2,1,FR,PAND,1,8254.67,2022-02-01T02:17:34.670000,0.3675832450389862,1970203828.125,P
20220201,FR.PAND.P,2022,2,1,FR,PAND,1,8303.95,2022-02-01T02:18:23.950000,0.9855608940124512,7815058875.0,P
20220201,FR.PAND.P,2022,2,1,FR,PAND,1,8389.73,2022-02-01T02:19:49.730000,0.9421806335449219,2023091890.625,P
20220201,FR.PAND.P,2022,2,1,FR,PAND,1,8434.12,2022-02-01T02:20:34.120000,0.7083001732826233,2694642234.375,P
20220201,FR.PAND.P,2022,2,1,FR,PAND,1,8482.55,2022-02-01T02:21:22.550000,0.750436544418335,576971230.46875,P
20220201,FR.PAND.P,2022,2,1,FR,PAND,1,8483.98,2022-02-01T02:21:23.980000,0.8796308636665344,2052668312.5,P
20220201,FR.PAND.P,2022,2,1,FR,PAND,1,8616.18,2022-02-01T02:23:36.180000,0.9780515432357788,35441393000.0,P
20220201,FR.PAND.P,2022,2,1,FR,PAND,1,8641.75,2022-02-01T02:24:01.750000,0.3296404778957367,982102164.0625,P
20220201,FR.PAND.P,2022,2,1,FR,PAND,1,8643.58,2022-02-01T02:24:03.580000,0.9323604702949524,2458483828.125,P
20220201,FR.PAND.P,2022,2,1,FR,PAND,1,8665.93,2022-02-01T02:24:25.930000,0.9653761982917786,2124312125.0,P
20220201,FR.PAND.P,2022,2,1,FR,PAND,1,8782.83,2022-02-01T02:26:22.830000,0.9767952561378479,3422969062.5,P
20220201,FR.PAND.P,2022,2,1,FR,PAND,1,8922.990000000002,2022-02-01T02:28:42.990000,0.8885212540626526,1842166015.625,P
20220201,FR.PAND.P,2022,2,1,FR,PAND,1,8940.59,2022-02-01T02:29:00.590000,0.46689629554748535,1137021742.1875,P
20220201,FR.PAND.P,2022,2,1,FR,PAND,1,9032.55,2022-02-01T02:30:32.550000,0.9826962351799011,55547641500.0,P
20220201,FR.PAND.P,2022,2,1,FR,PAND,1,9120.130000000001,2022-02-01T02:32:00.130000,0.9712010622024536,3802783156.25,P
20220201,FR.PAND.P,2022,2,1,FR,PAND,1,9170.48,2022-02-01T02:32:50.480000,0.9299587607383728,5705576500.0,P
20220201,FR.PAND.P,2022,2,1,FR,PAND,1,9215.060000000001,2022-02-01T02:33:35.060000,0.8907776474952698,1446390359.375,P
20220201,FR.PAND.P,2022,2,1,FR,PAND,1,9284.75,2022-02-01T02:34:44.750000,0.9424045085906982,1500933789.0625,P
20220201,FR.PAND.S,2022,2,1,FR,PAND,1,5735.84,2022-02-01T01:35:35.840000,0.5494124889373779,1542335437.5,S
20220201,FR.PAND.S,2022,2,1,FR,PAND,1,7383.33,2022-02-01T02:03:03.330000,0.9383615255355835,24224420480000.0,S
20220201,FR.PAND.S,2022,2,1,FR,PAND,1,7560.9400000000005,2022-02-01T02:06:00.940000,0.6482330560684204,4508707937.5,S
20220201,FR.PAND.S,2022,2,1,FR,PAND,1,7574.93,2022-02-01T02:06:14.930000,0.9521329402923584,5520829437.5,S
20220201,FR.PAND.S,2022,2,1,FR,PAND,1,7607.59,2022-02-01T02:06:47.590000,0.38455209136009216,1398560109.375,S
20220201,FR.PAND.S,2022,2,1,FR,PAND,1,7623.1,2022-02-01T02:07:03.100000,0.9295557141304016,14981637125.0,S
20220201,FR.PAND.S,2022,2,1,FR,PAND,1,7626.22,2022-02-01T02:07:06.220000,0.32531988620758057,12726888687.5,S
20220201,FR.PAND.S,2022,2,1,FR,PAND,1,7650.51,2022-02-01T02:07:30.510000,0.9599498510360718,10306841187.5,S
20220201,FR.PAND.S,2022,2,1,FR,PAND,1,7682.66,2022-02-01T02:08:02.660000,0.9703178405761719,21228891125.0,S
20220201,FR.PAND.S,2022,2,1,FR,PAND,1,7715.51,2022-02-01T02:08:35.510000,0.8014850616455078,2019754343.75,S
20220201,FR.PAND.S,2022,2,1,FR,PAND,1,7729.3,2022-02-01T02:08:49.300000,0.5993881821632385,1182147382.8125,S
20220201,FR.PAND.S,2022,2,1,FR,PAND,1,7770.99,2022-02-01T02:09:30.990000,0.9457960724830627,5329658750.0,S
20220201,FR.PAND.S,2022,2,1,FR,PAND,1,7775.8,2022-02-01T02:09:35.800000,0.8766536712646484,3696056406.25,S
20220201,FR.PAND.S,2022,2,1,FR,PAND,1,7813.02,2022-02-01T02:10:13.020000,0.9698000550270081,414887304000.0,S
20220201,FR.PAND.S,2022,2,1,FR,PAND,1,7862.49,2022-02-01T02:11:02.490000,0.8899708390235901,2375196078.125,S
20220201,FR.PAND.S,2022,2,1,FR,PAND,1,7936.870000000001,2022-02-01T02:12:16.870000,0.8676449060440063,2652810062.5,S
20220201,FR.PAND.S,2022,2,1,FR,PAND,1,7965.71,2022-02-01T02:12:45.710000,0.9205633401870728,1524796710.9375,S
20220201,FR.PAND.S,2022,2,1,FR,PAND,1,7989.05,2022-02-01T02:13:09.050000,0.9296552538871765,1352583882.8125,S
20220201,FR.PAND.S,2022,2,1,FR,PAND,1,8044.290000000001,2022-02-01T02:14:04.290000,0.8788973093032837,3309768312.5,S
20220201,FR.PAND.S,2022,2,1,FR,PAND,1,8050.9,2022-02-01T02:14:10.900000,0.3047688901424408,1129496570.3125,S
20220201,FR.PAND.S,2022,2,1,FR,PAND,1,8097.700000000001,2022-02-01T02:14:57.700000,0.5256249904632568,2041644312.5,S
20220201,FR.PAND.S,2022,2,1,FR,PAND,1,8118.9,2022-02-01T02:15:18.900000,0.9645344614982605,5355528750.0,S
20220201,FR.PAND.S,2022,2,1,FR,PAND,1,8130.72,2022-02-01T02:15:30.720000,0.8181738257408142,2970912953.125,S
20220201,FR.PAND.S,2022,2,1,FR,PAND,1,8151.14,2022-02-01T02:15:51.140000,0.9478784799575806,5937463593.75,S
20220201,FR.PAND.S,2022,2,1,FR,PAND,1,8155.63,2022-02-01T02:15:55.630000,0.9509583115577698,6897788625.0,S
20220201,FR.PAND.S,2022,2,1,FR,PAND,1,8196.33,2022-02-01T02:16:36.330000,0.7583588361740112,3916935343.75,S
20220201,FR.PAND.S,2022,2,1,FR,PAND,1,8205.94,2022-02-01T02:16:45.940000,0.941413402557373,3266347296.875,S
20220201,FR.PAND.S,2022,2,1,FR,PAND,1,8256.11,2022-02-01T02:17:36.110000,0.5787894129753113,858846929.6875,S
20220201,FR.PAND.S,2022,2,1,FR,PAND,1,8305.33,2022-02-01T02:18:25.330000,0.9698963761329651,7815058875.0,S
20220201,FR.PAND.S,2022,2,1,FR,PAND,1,8391.09,2022-02-01T02:19:51.090000,0.911206841468811,2023091890.625,S
20220201,FR.PAND.S,2022,2,1,FR,PAND,1,8437.09,2022-02-01T02:20:37.090000,0.8661860227584839,2694642234.375,S
20220201,FR.PAND.S,2022,2,1,FR,PAND,1,8451.28,2022-02-01T02:20:51.280000,0.3353174924850464,979868296.875,S
20220201,FR.PAND.S,2022,2,1,FR,PAND,1,8486.11,2022-02-01T02:21:26.110000,0.9437763094902039,2052668312.5,S
20220201,FR.PAND.S,2022,2,1,FR,PAND,1,8599.1,2022-02-01T02:23:19.100000,0.47080737352371216,2029498453.125,S
20220201,FR.PAND.S,2022,2,1,FR,PAND,1,8617.58,2022-02-01T02:23:37.580000,0.9611493349075317,26816432500.0,S
20220201,FR.PAND.S,2022,2,1,FR,PAND,1,8644.970000000001,2022-02-01T02:24:04.970000,0.9488206505775452,2458483828.125,S
20220201,FR.PAND.S,2022,2,1,FR,PAND,1,8667.310000000001,2022-02-01T02:24:27.310000,0.9450347423553467,2124312125.0,S
20220201,FR.PAND.S,2022,2,1,FR,PAND,1,8778.83,2022-02-01T02:26:18.830000,0.3323430120944977,1750359203.125,S
20220201,FR.PAND.S,2022,2,1,FR,PAND,1,8784.19,2022-02-01T02:26:24.190000,0.9359270930290222,3422969062.5,S
20220201,FR.PAND.S,2022,2,1,FR,PAND,1,8924.36,2022-02-01T02:28:44.360000,0.9327300786972046,1842166015.625,S
20220201,FR.PAND.S,2022,2,1,FR,PAND,1,8941.93,2022-02-01T02:29:01.930000,0.8077431321144104,1137021742.1875,S
20220201,FR.PAND.S,2022,2,1,FR,PAND,1,9033.95,2022-02-01T02:30:33.950000,0.9612499475479126,55547641500.0,S
20220201,FR.PAND.S,2022,2,1,FR,PAND,1,9121.51,2022-02-01T02:32:01.510000,0.9190595746040344,3802783156.25,S
20220201,FR.PAND.S,2022,2,1,FR,PAND,1,9162.19,2022-02-01T02:32:42.190000,0.6010741591453552,1615927726.5625,S
20220201,FR.PAND.S,2022,2,1,FR,PAND,1,9171.85,2022-02-01T02:32:51.850000,0.9592783451080322,5705576500.0,S
20220201,FR.PAND.S,2022,2,1,FR,PAND,1,9216.43,2022-02-01T02:33:36.430000,0.944424033164978,1446390359.375,S
20220201,FR.PAND.S,2022,2,1,FR,PAND,1,9286.11,2022-02-01T02:34:46.110000,0.8891582489013672,1500933789.0625,S
20220201,FR.PAND.P,2022,2,1,FR,PAND,1,7381.870000000001,2022-02-01T02:03:01.870000,0.92332524061203,19439016064000.0,P
20220201,FR.PAND.P,2022,2,1,FR,PAND,1,7560.88,2022-02-01T02:06:00.880000,0.5482043027877808,4272768093.75,P
20220201,FR.PAND.P,2022,2,1,FR,PAND,1,7573.51,2022-02-01T02:06:13.510000,0.8795790672302246,6516640406.25,P
20220201,FR.PAND.P,2022,2,1,FR,PAND,1,7621.620000000001,2022-02-01T02:07:01.620000,0.9609094858169556,14128523500.0,P
20220201,FR.PAND.P,2022,2,1,FR,PAND,1,7649.13,2022-02-01T02:07:29.130000,0.9688339233398438,8802954062.5,P
20220201,FR.PAND.P,2022,2,1,FR,PAND,1,7681.26,2022-02-01T02:08:01.260000,0.9818761944770813,17376739250.0,P
20220201,FR.PAND.P,2022,2,1,FR,PAND,1,7769.6,2022-02-01T02:09:29.600000,0.9405405521392822,3597988875.0,P
20220201,FR.PAND.P,2022,2,1,FR,PAND,1,7811.620000000001,2022-02-01T02:10:11.620000,0.9858050346374512,245441820000.0,P
20220201,FR.PAND.P,2022,2,1,FR,PAND,1,7861.09,2022-02-01T02:11:01.090000,0.9239504337310791,1571013539.0625,P
20220201,FR.PAND.P,2022,2,1,FR,PAND,1,7935.49,2022-02-01T02:12:15.490000,0.9416304230690002,2062369765.625,P
20220201,FR.PAND.P,2022,2,1,FR,PAND,1,7940.42,2022-02-01T02:12:20.420000,0.6141924262046814,344880275.390625,P
20220201,FR.PAND.P,2022,2,1,FR,PAND,1,7941.83,2022-02-01T02:12:21.830000,0.5651740431785583,1478608929.6875,P
20220201,FR.PAND.P,2022,2,1,FR,PAND,1,7964.290000000001,2022-02-01T02:12:44.290000,0.9736471772193909,2140655156.25,P
20220201,FR.PAND.P,2022,2,1,FR,PAND,1,8042.9,2022-02-01T02:14:02.900000,0.9661955833435059,1607142265.625,P
20220201,FR.PAND.P,2022,2,1,FR,PAND,1,8096.35,2022-02-01T02:14:56.350000,0.7916427850723267,1553044796.875,P
20220201,FR.PAND.P,2022,2,1,FR,PAND,1,8117.52,2022-02-01T02:15:17.520000,0.937191903591156,4867026937.5,P
20220201,FR.PAND.P,2022,2,1,FR,PAND,1,8128.5,2022-02-01T02:15:28.500000,0.8478541970252991,1177966968.75,P
20220201,FR.PAND.P,2022,2,1,FR,PAND,1,8129.280000000001,2022-02-01T02:15:29.280000,0.3001820147037506,2285052656.25,P
20220201,FR.PAND.P,2022,2,1,FR,PAND,1,8149.700000000001,2022-02-01T02:15:49.700000,0.8465127348899841,5484778812.5,P
20220201,FR.PAND.P,2022,2,1,FR,PAND,1,8194.96,2022-02-01T02:16:34.960000,0.8576037883758545,4847950656.25,P
20220201,FR.PAND.P,2022,2,1,FR,PAND,1,8204.54,2022-02-01T02:16:44.540000,0.9754374623298645,3748611750.0,P
20220201,FR.PAND.P,2022,2,1,FR,PAND,1,8256.07,2022-02-01T02:17:36.070000,0.5884535312652588,1538929640.625,P
20220201,FR.PAND.P,2022,2,1,FR,PAND,1,8303.94,2022-02-01T02:18:23.940000,0.9749979972839355,8404691750.0,P
20220201,FR.PAND.P,2022,2,1,FR,PAND,1,8389.75,2022-02-01T02:19:49.750000,0.8746179342269897,1420889640.625,P
20220201,FR.PAND.P,2022,2,1,FR,PAND,1,8434.12,2022-02-01T02:20:34.120000,0.7730877995491028,2346976531.25,P
20220201,FR.PAND.P,2022,2,1,FR,PAND,1,8482.34,2022-02-01T02:21:22.340000,0.32865750789642334,869300757.8125,P
20220201,FR.PAND.P,2022,2,1,FR,PAND,1,8483.970000000001,2022-02-01T02:21:23.970000,0.9387026429176331,2086305203.125,P
20220201,FR.PAND.P,2022,2,1,FR,PAND,1,8616.18,2022-02-01T02:23:36.180000,0.9762986302375793,20087655250.0,P
20220201,FR.PAND.P,2022,2,1,FR,PAND,1,8643.59,2022-02-01T02:24:03.590000,0.9060216546058655,2527352343.75,P
20220201,FR.PAND.P,2022,2,1,FR,PAND,1,8665.93,2022-02-01T02:24:25.930000,0.9503113031387329,2308112625.0,P
20220201,FR.PAND.P,2022,2,1,FR,PAND,1,8778.810000000001,2022-02-01T02:26:18.810000,0.8474183678627014,3432805593.75,P
20220201,FR.PAND.P,2022,2,1,FR,PAND,1,8922.94,2022-02-01T02:28:42.940000,0.6658796668052673,1193379789.0625,P
20220201,FR.PAND.P,2022,2,1,FR,PAND,1,8940.630000000001,2022-02-01T02:29:00.630000,0.841350793838501,1380537335.9375,P
20220201,FR.PAND.P,2022,2,1,FR,PAND,1,9032.54,2022-02-01T02:30:32.540000,0.9726935625076294,38917359000.0,P
20220201,FR.PAND.P,2022,2,1,FR,PAND,1,9120.1,2022-02-01T02:32:00.100000,0.9224534630775452,4465943625.0,P
20220201,FR.PAND.P,2022,2,1,FR,PAND,1,9170.46,2022-02-01T02:32:50.460000,0.8878239989280701,4923364468.75,P
20220201,FR.PAND.P,2022,2,1,FR,PAND,1,9284.71,2022-02-01T02:34:44.710000,0.40940752625465393,1282078992.1875,P
20220201,FR.PAND.S,2022,2,1,FR,PAND,1,7383.27,2022-02-01T02:03:03.270000,0.7847853899002075,19439016064000.0,S
20220201,FR.PAND.S,2022,2,1,FR,PAND,1,7565.360000000001,2022-02-01T02:06:05.360000,0.303114652633667,3788917437.5,S
20220201,FR.PAND.S,2022,2,1,FR,PAND,1,7574.9400000000005,2022-02-01T02:06:14.940000,0.6371971964836121,6516640406.25,S
20220201,FR.PAND.S,2022,2,1,FR,PAND,1,7623.040000000001,2022-02-01T02:07:03.040000,0.8325064182281494,9867161687.5,S
20220201,FR.PAND.S,2022,2,1,FR,PAND,1,7650.51,2022-02-01T02:07:30.510000,0.9080154895782471,8802954062.5,S
20220201,FR.PAND.S,2022,2,1,FR,PAND,1,7682.66,2022-02-01T02:08:02.660000,0.966373085975647,17376739250.0,S
20220201,FR.PAND.S,2022,2,1,FR,PAND,1,7715.4400000000005,2022-02-01T02:08:35.440000,0.4622308015823364,1689682515.625,S
20220201,FR.PAND.S,2022,2,1,FR,PAND,1,7729.3,2022-02-01T02:08:49.300000,0.3054364323616028,1178818367.1875,S
20220201,FR.PAND.S,2022,2,1,FR,PAND,1,7771.0,2022-02-01T02:09:31.000000,0.8708240389823914,3597988875.0,S
20220201,FR.PAND.S,2022,2,1,FR,PAND,1,7775.77,2022-02-01T02:09:35.770000,0.9296678304672241,3539397468.75,S
20220201,FR.PAND.S,2022,2,1,FR,PAND,1,7813.0,2022-02-01T02:10:13.000000,0.9598369002342224,245441820000.0,S
20220201,FR.PAND.S,2022,2,1,FR,PAND,1,7862.540000000001,2022-02-01T02:11:02.540000,0.6407113075256348,1571013539.0625,S
20220201,FR.PAND.S,2022,2,1,FR,PAND,1,7930.950000000001,2022-02-01T02:12:10.950000,0.3059384524822235,1265508257.8125,S
20220201,FR.PAND.S,2022,2,1,FR,PAND,1,7936.870000000001,2022-02-01T02:12:16.870000,0.9294726252555847,2062369765.625,S
20220201,FR.PAND.S,2022,2,1,FR,PAND,1,7947.860000000001,2022-02-01T02:12:27.860000,0.4496627151966095,1303996992.1875,S
20220201,FR.PAND.S,2022,2,1,FR,PAND,1,7965.72,2022-02-01T02:12:45.720000,0.9151041507720947,2140655156.25,S
20220201,FR.PAND.S,2022,2,1,FR,PAND,1,8044.33,2022-02-01T02:14:04.330000,0.9281632304191589,1607142265.625,S
20220201,FR.PAND.S,2022,2,1,FR,PAND,1,8097.71,2022-02-01T02:14:57.710000,0.6423799395561218,1553044796.875,S
20220201,FR.PAND.S,2022,2,1,FR,PAND,1,8118.91,2022-02-01T02:15:18.910000,0.9546395540237427,4867026937.5,S
20220201,FR.PAND.S,2022,2,1,FR,PAND,1,8130.72,2022-02-01T02:15:30.720000,0.8908219337463379,2285052656.25,S
20220201,FR.PAND.S,2022,2,1,FR,PAND,1,8151.16,2022-02-01T02:15:51.160000,0.8907071948051453,5484778812.5,S
20220201,FR.PAND.S,2022,2,1,FR,PAND,1,8155.63,2022-02-01T02:15:55.630000,0.9089283347129822,4546341312.5,S
20220201,FR.PAND.S,2022,2,1,FR,PAND,1,8196.380000000001,2022-02-01T02:16:36.380000,0.8891624808311462,4847950656.25,S
20220201,FR.PAND.S,2022,2,1,FR,PAND,1,8205.970000000001,2022-02-01T02:16:45.970000,0.9191170930862427,3748611750.0,S
20220201,FR.PAND.S,2022,2,1,FR,PAND,1,8305.32,2022-02-01T02:18:25.320000,0.954713761806488,8404691750.0,S
20220201,FR.PAND.S,2022,2,1,FR,PAND,1,8391.1,2022-02-01T02:19:51.100000,0.9102867841720581,1289922460.9375,S
20220201,FR.PAND.S,2022,2,1,FR,PAND,1,8437.1,2022-02-01T02:20:37.100000,0.4106278419494629,2346976531.25,S
20220201,FR.PAND.S,2022,2,1,FR,PAND,1,8486.1,2022-02-01T02:21:26.100000,0.9444088935852051,2086305203.125,S
20220201,FR.PAND.S,2022,2,1,FR,PAND,1,8617.6,2022-02-01T02:23:37.600000,0.8941583037376404,19760700375.0,S
20220201,FR.PAND.S,2022,2,1,FR,PAND,1,8644.95,2022-02-01T02:24:04.950000,0.9240592122077942,2527352343.75,S
20220201,FR.PAND.S,2022,2,1,FR,PAND,1,8667.310000000001,2022-02-01T02:24:27.310000,0.9277927875518799,2308112625.0,S
20220201,FR.PAND.S,2022,2,1,FR,PAND,1,8683.619999999999,2022-02-01T02:24:43.620000,0.5380461812019348,1039578515.625,S
20220201,FR.PAND.S,2022,2,1,FR,PAND,1,8784.19,2022-02-01T02:26:24.190000,0.9066093564033508,3432805593.75,S
20220201,FR.PAND.S,2022,2,1,FR,PAND,1,8896.48,2022-02-01T02:28:16.480000,0.47451120615005493,966903742.1875,S
20220201,FR.PAND.S,2022,2,1,FR,PAND,1,8924.35,2022-02-01T02:28:44.350000,0.8812206387519836,1193379789.0625,S
20220201,FR.PAND.S,2022,2,1,FR,PAND,1,8941.95,2022-02-01T02:29:01.950000,0.8586312532424927,1380537335.9375,S
20220201,FR.PAND.S,2022,2,1,FR,PAND,1,9033.92,2022-02-01T02:30:33.920000,0.9619322419166565,38917359000.0,S
20220201,FR.PAND.S,2022,2,1,FR,PAND,1,9121.490000000002,2022-02-01T02:32:01.490000,0.9319173693656921,4465943625.0,S
20220201,FR.PAND.S,2022,2,1,FR,PAND,1,9171.85,2022-02-01T02:32:51.850000,0.9349234700202942,4923364468.75,S
20220201,FR.PAND.S,2022,2,1,FR,PAND,1,9216.41,2022-02-01T02:33:36.410000,0.9002280235290527,1494326640.625,S
20220201,FR.PAND.S,2022,2,1,FR,PAND,1,9286.11,2022-02-01T02:34:46.110000,0.8325254917144775,1282078992.1875,S
20220201,FR.PAND.P,2022,2,1,FR,PAND,1,7381.9,2022-02-01T02:03:01.900000,0.9664108753204346,14595010560000.0,P
20220201,FR.PAND.P,2022,2,1,FR,PAND,1,7458.47,2022-02-01T02:04:18.470000,0.9006267786026001,14288405625.0,P
20220201,FR.PAND.P,2022,2,1,FR,PAND,1,7573.540000000001,2022-02-01T02:06:13.540000,0.9663642048835754,6736747875.0,P
20220201,FR.PAND.P,2022,2,1,FR,PAND,1,7621.63,2022-02-01T02:07:01.630000,0.9798734784126282,42787160000.0,P
20220201,FR.PAND.P,2022,2,1,FR,PAND,1,7649.14,2022-02-01T02:07:29.140000,0.9635713696479797,13769934750.0,P
20220201,FR.PAND.P,2022,2,1,FR,PAND,1,7681.280000000001,2022-02-01T02:08:01.280000,0.9845063090324402,11817955500.0,P
20220201,FR.PAND.P,2022,2,1,FR,PAND,1,7769.63,2022-02-01T02:09:29.630000,0.9651954174041748,2304072671.875,P
20220201,FR.PAND.P,2022,2,1,FR,PAND,1,7774.39,2022-02-01T02:09:34.390000,0.533001184463501,2176990156.25,P
20220201,FR.PAND.P,2022,2,1,FR,PAND,1,7811.63,2022-02-01T02:10:11.630000,0.9853808283805847,355992702000.0,P
20220201,FR.PAND.P,2022,2,1,FR,PAND,1,7861.110000000001,2022-02-01T02:11:01.110000,0.9401807188987732,3324226546.875,P
20220201,FR.PAND.P,2022,2,1,FR,PAND,1,7935.55,2022-02-01T02:12:15.550000,0.7081571221351624,1428400289.0625,P
20220201,FR.PAND.P,2022,2,1,FR,PAND,1,7941.92,2022-02-01T02:12:21.920000,0.4493657946586609,980810085.9375,P
20220201,FR.PAND.P,2022,2,1,FR,PAND,1,7964.31,2022-02-01T02:12:44.310000,0.8963397741317749,2071399890.625,P
20220201,FR.PAND.P,2022,2,1,FR,PAND,1,7987.67,2022-02-01T02:13:07.670000,0.8890156149864197,2530171312.5,P
20220201,FR.PAND.P,2022,2,1,FR,PAND,1,8042.92,2022-02-01T02:14:02.920000,0.976510763168335,2955882109.375,P
20220201,FR.PAND.P,2022,2,1,FR,PAND,1,8117.55,2022-02-01T02:15:17.550000,0.9629557728767395,2670675515.625,P
20220201,FR.PAND.P,2022,2,1,FR,PAND,1,8129.35,2022-02-01T02:15:29.350000,0.9379252195358276,2909301890.625,P
20220201,FR.PAND.P,2022,2,1,FR,PAND,1,8149.75,2022-02-01T02:15:49.750000,0.9715430736541748,7050077125.0,P
20220201,FR.PAND.P,2022,2,1,FR,PAND,1,8154.32,2022-02-01T02:15:54.320000,0.31085723638534546,4313137968.75,P
20220201,FR.PAND.P,2022,2,1,FR,PAND,1,8194.99,2022-02-01T02:16:34.990000,0.9715887308120728,5424082218.75,P
20220201,FR.PAND.P,2022,2,1,FR,PAND,1,8204.560000000001,2022-02-01T02:16:44.560000,0.9805459380149841,6896049062.5,P
20220201,FR.PAND.P,2022,2,1,FR,PAND,1,8303.96,2022-02-01T02:18:23.960000,0.9841381907463074,4693480187.5,P
20220201,FR.PAND.P,2022,2,1,FR,PAND,1,8389.74,2022-02-01T02:19:49.740000,0.7372802495956421,1129990875.0,P
20220201,FR.PAND.P,2022,2,1,FR,PAND,1,8434.19,2022-02-01T02:20:34.190000,0.8451022505760193,1608475679.6875,P
20220201,FR.PAND.P,2022,2,1,FR,PAND,1,8484.04,2022-02-01T02:21:24.040000,0.7360337972640991,1298307257.8125,P
20220201,FR.PAND.P,2022,2,1,FR,PAND,1,8616.2,2022-02-01T02:23:36.200000,0.9846317768096924,60143830500.0,P
20220201,FR.PAND.P,2022,2,1,FR,PAND,1,8643.59,2022-02-01T02:24:03.590000,0.9548579454421997,2064264109.375,P
20220201,FR.PAND.P,2022,2,1,FR,PAND,1,8665.94,2022-02-01T02:24:25.940000,0.9778410196304321,1683748015.625,P
20220201,FR.PAND.P,2022,2,1,FR,PAND,1,8782.82,2022-02-01T02:26:22.820000,0.9733514785766602,2180491421.875,P
20220201,FR.PAND.P,2022,2,1,FR,PAND,1,8923.02,2022-02-01T02:28:43.020000,0.9570654034614563,1047449609.375,P
20220201,FR.PAND.P,2022,2,1,FR,PAND,1,8940.630000000001,2022-02-01T02:29:00.630000,0.9299768209457397,1310053062.5,P
20220201,FR.PAND.P,2022,2,1,FR,PAND,1,9032.55,2022-02-01T02:30:32.550000,0.9873933792114258,29773367000.0,P
20220201,FR.PAND.P,2022,2,1,FR,PAND,1,9120.130000000001,2022-02-01T02:32:00.130000,0.9773657321929932,2255750453.125,P
20220201,FR.PAND.P,2022,2,1,FR,PAND,1,9170.48,2022-02-01T02:32:50.480000,0.9726487398147583,2845380484.375,P
20220201,FR.PAND.P,2022,2,1,FR,PAND,1,9215.07,2022-02-01T02:33:35.070000,0.8798900246620178,1095593484.375,P
20220201,FR.PAND.P,2022,2,1,FR,PAND,1,9284.75,2022-02-01T02:34:44.750000,0.9711501002311707,1065514734.375,P
20220201,FR.PAND.S,2022,2,1,FR,PAND,1,7383.360000000001,2022-02-01T02:03:03.360000,0.7196671962738037,14595010560000.0,S
20220201,FR.PAND.S,2022,2,1,FR,PAND,1,7459.950000000001,2022-02-01T02:04:19.950000,0.7342820763587952,14288405625.0,S
20220201,FR.PAND.S,2022,2,1,FR,PAND,1,7575.0,2022-02-01T02:06:15.000000,0.8635691404342651,4816208718.75,S
20220201,FR.PAND.S,2022,2,1,FR,PAND,1,7623.06,2022-02-01T02:07:03.060000,0.9256988763809204,9991267812.5,S
20220201,FR.PAND.S,2022,2,1,FR,PAND,1,7650.6,2022-02-01T02:07:30.600000,0.9351652264595032,10307494437.5,S
20220201,FR.PAND.S,2022,2,1,FR,PAND,1,7682.67,2022-02-01T02:08:02.670000,0.816589891910553,11817955500.0,S
20220201,FR.PAND.S,2022,2,1,FR,PAND,1,7771.040000000001,2022-02-01T02:09:31.040000,0.7409947514533997,2304072671.875,S
20220201,FR.PAND.S,2022,2,1,FR,PAND,1,7775.75,2022-02-01T02:09:35.750000,0.4652083218097687,2176990156.25,S
20220201,FR.PAND.S,2022,2,1,FR,PAND,1,7813.08,2022-02-01T02:10:13.080000,0.8508938550949097,203500063000.0,S
20220201,FR.PAND.S,2022,2,1,FR,PAND,1,7862.6,2022-02-01T02:11:02.600000,0.3062349259853363,2032524812.5,S
20220201,FR.PAND.S,2022,2,1,FR,PAND,1,7936.92,2022-02-01T02:12:16.920000,0.6501810550689697,1428400289.0625,S
20220201,FR.PAND.S,2022,2,1,FR,PAND,1,7965.74,2022-02-01T02:12:45.740000,0.883750855922699,1755391218.75,S
20220201,FR.PAND.S,2022,2,1,FR,PAND,1,7989.1,2022-02-01T02:13:09.100000,0.8943993449211121,1458480054.6875,S
20220201,FR.PAND.S,2022,2,1,FR,PAND,1,8044.4,2022-02-01T02:14:04.400000,0.5916649103164673,1099409593.75,S
20220201,FR.PAND.S,2022,2,1,FR,PAND,1,8097.780000000001,2022-02-01T02:14:57.780000,0.3892136812210083,1741390015.625,S
20220201,FR.PAND.S,2022,2,1,FR,PAND,1,8118.96,2022-02-01T02:15:18.960000,0.8399578928947449,2656720625.0,S
20220201,FR.PAND.S,2022,2,1,FR,PAND,1,8130.790000000001,2022-02-01T02:15:30.790000,0.7428089380264282,1647453843.75,S
20220201,FR.PAND.S,2022,2,1,FR,PAND,1,8151.16,2022-02-01T02:15:51.160000,0.5856093764305115,7050077125.0,S
20220201,FR.PAND.S,2022,2,1,FR,PAND,1,8155.64,2022-02-01T02:15:55.640000,0.8503548502922058,4313137968.75,S
20220201,FR.PAND.S,2022,2,1,FR,PAND,1,8196.27,2022-02-01T02:16:36.270000,0.7104279398918152,3577912812.5,S
20220201,FR.PAND.S,2022,2,1,FR,PAND,1,8206.01,2022-02-01T02:16:46.010000,0.9493805766105652,3383491109.375,S
20220201,FR.PAND.S,2022,2,1,FR,PAND,1,8305.37,2022-02-01T02:18:25.370000,0.8284704685211182,4693480187.5,S
20220201,FR.PAND.S,2022,2,1,FR,PAND,1,8437.1,2022-02-01T02:20:37.100000,0.6760793924331665,1152604171.875,S
20220201,FR.PAND.S,2022,2,1,FR,PAND,1,8486.12,2022-02-01T02:21:26.120000,0.6369657516479492,1209430523.4375,S
20220201,FR.PAND.S,2022,2,1,FR,PAND,1,8617.68,2022-02-01T02:23:37.680000,0.9211640954017639,23531956500.0,S
20220201,FR.PAND.S,2022,2,1,FR,PAND,1,8645.01,2022-02-01T02:24:05.010000,0.8391567468643188,2064264109.375,S
20220201,FR.PAND.S,2022,2,1,FR,PAND,1,8667.310000000001,2022-02-01T02:24:27.310000,0.8199948668479919,1683748015.625,S
20220201,FR.PAND.S,2022,2,1,FR,PAND,1,8784.25,2022-02-01T02:26:24.250000,0.8207096457481384,1975887875.0,S
20220201,FR.PAND.S,2022,2,1,FR,PAND,1,8924.44,2022-02-01T02:28:44.440000,0.6900054216384888,1047449609.375,S
20220201,FR.PAND.S,2022,2,1,FR,PAND,1,8942.0,2022-02-01T02:29:02.000000,0.3668951988220215,1310053062.5,S
20220201,FR.PAND.S,2022,2,1,FR,PAND,1,9033.93,2022-02-01T02:30:33.930000,0.8357504606246948,29773367000.0,S
20220201,FR.PAND.S,2022,2,1,FR,PAND,1,9121.51,2022-02-01T02:32:01.510000,0.8485231995582581,2255750453.125,S
20220201,FR.PAND.S,2022,2,1,FR,PAND,1,9171.869999999999,2022-02-01T02:32:51.870000,0.8719501495361328,2845380484.375,S
20220201,FR.PAND.S,2022,2,1,FR,PAND,1,9286.19,2022-02-01T02:34:46.190000,0.7687920331954956,790186617.1875,S
20220201,FR.SALF.P,2022,2,1,FR,SALF,1,5722.14,2022-02-01T01:35:22.140000,0.8252029418945312,5128186375.0,P
20220201,FR.SALF.P,2022,2,1,FR,SALF,1,7385.63,2022-02-01T02:03:05.630000,0.35803571343421936,1902900272000.0,P
20220201,FR.SALF.P,2022,2,1,FR,SALF,1,7685.34,2022-02-01T02:08:05.340000,0.7690407633781433,3135503312.5,P
20220201,FR.SALF.P,2022,2,1,FR,SALF,1,7815.42,2022-02-01T02:10:15.420000,0.8875641226768494,53132530750.0,P
20220201,FR.SALF.P,2022,2,1,FR,SALF,1,8121.58,2022-02-01T02:15:21.580000,0.40814411640167236,1064630023.4375,P
20220201,FR.SALF.P,2022,2,1,FR,SALF,1,8199.15,2022-02-01T02:16:39.150000,0.4021994173526764,1839796359.375,P
20220201,FR.SALF.P,2022,2,1,FR,SALF,1,8307.95,2022-02-01T02:18:27.950000,0.47800007462501526,1444548929.6875,P
20220201,FR.SALF.P,2022,2,1,FR,SALF,1,8620.19,2022-02-01T02:23:40.190000,0.5520469546318054,8384765187.5,P
20220201,FR.SALF.P,2022,2,1,FR,SALF,1,9036.35,2022-02-01T02:30:36.350000,0.8980688452720642,8462286625.0,P
20220201,FR.SALF.P,2022,2,1,FR,SALF,1,9174.79,2022-02-01T02:32:54.790000,0.6818802356719971,1644136101.5625,P
20220201,FR.SALF.S,2022,2,1,FR,SALF,1,5727.16,2022-02-01T01:35:27.160000,0.8853248357772827,5128186375.0,S
20220201,FR.SALF.S,2022,2,1,FR,SALF,1,5813.2300000000005,2022-02-01T01:36:53.230000,0.3861657679080963,534798824.21875,S
20220201,FR.SALF.S,2022,2,1,FR,SALF,1,5847.1900000000005,2022-02-01T01:37:27.190000,0.9486188292503357,1234795859.375,S
20220201,FR.SALF.S,2022,2,1,FR,SALF,1,6874.88,2022-02-01T01:54:34.880000,0.3814111649990082,666211710.9375,S
20220201,FR.SALF.S,2022,2,1,FR,SALF,1,7059.14,2022-02-01T01:57:39.140000,0.3123166561126709,489172937.5,S
20220201,FR.SALF.S,2022,2,1,FR,SALF,1,7389.52,2022-02-01T02:03:09.520000,0.614763081073761,1902900272000.0,S
20220201,FR.SALF.S,2022,2,1,FR,SALF,1,7629.52,2022-02-01T02:07:09.520000,0.4140623211860657,5751661500.0,S
20220201,FR.SALF.S,2022,2,1,FR,SALF,1,7689.52,2022-02-01T02:08:09.520000,0.7072225213050842,3135503312.5,S
20220201,FR.SALF.S,2022,2,1,FR,SALF,1,7819.41,2022-02-01T02:10:19.410000,0.7762923240661621,53132530750.0,S
20220201,FR.SALF.S,2022,2,1,FR,SALF,1,8125.4400000000005,2022-02-01T02:15:25.440000,0.6744219064712524,969669898.4375,S
20220201,FR.SALF.S,2022,2,1,FR,SALF,1,8157.68,2022-02-01T02:15:57.680000,0.39823922514915466,2969073046.875,S
20220201,FR.SALF.S,2022,2,1,FR,SALF,1,8202.91,2022-02-01T02:16:42.910000,0.5989769101142883,1839796359.375,S
20220201,FR.SALF.S,2022,2,1,FR,SALF,1,8212.28,2022-02-01T02:16:52.280000,0.3756583333015442,1577201132.8125,S
20220201,FR.SALF.S,2022,2,1,FR,SALF,1,8311.84,2022-02-01T02:18:31.840000,0.7002292275428772,1444548929.6875,S
20220201,FR.SALF.S,2022,2,1,FR,SALF,1,8623.94,2022-02-01T02:23:43.940000,0.5784626007080078,8384765187.5,S
20220201,FR.SALF.S,2022,2,1,FR,SALF,1,8790.73,2022-02-01T02:26:30.730000,0.8337335586547852,836374652.34375,S
20220201,FR.SALF.S,2022,2,1,FR,SALF,1,9040.33,2022-02-01T02:30:40.330000,0.6788482666015625,8462286625.0,S
20220201,FR.SALF.S,2022,2,1,FR,SALF,1,9128.02,2022-02-01T02:32:08.020000,0.3031001389026642,1558570406.25,S
20220201,FR.SALF.S,2022,2,1,FR,SALF,1,9178.369999999999,2022-02-01T02:32:58.370000,0.6914103627204895,1644136101.5625,S
20220201,FR.SALF.P,2022,2,1,FR,SALF,1,5722.27,2022-02-01T01:35:22.270000,0.693041980266571,7084722937.5,P
20220201,FR.SALF.P,2022,2,1,FR,SALF,1,5841.82,2022-02-01T01:37:21.820000,0.34460413455963135,2036829234.375,P
20220201,FR.SALF.P,2022,2,1,FR,SALF,1,7385.66,2022-02-01T02:03:05.660000,0.8615861535072327,2755483744000.0,P
20220201,FR.SALF.P,2022,2,1,FR,SALF,1,7625.700000000001,2022-02-01T02:07:05.700000,0.5652192234992981,7385724125.0,P
20220201,FR.SALF.P,2022,2,1,FR,SALF,1,7685.52,2022-02-01T02:08:05.520000,0.44370099902153015,4997990156.25,P
20220201,FR.SALF.P,2022,2,1,FR,SALF,1,7777.280000000001,2022-02-01T02:09:37.280000,0.5655419826507568,1415081281.25,P
20220201,FR.SALF.P,2022,2,1,FR,SALF,1,7815.41,2022-02-01T02:10:15.410000,0.9383584260940552,91376447500.0,P
20220201,FR.SALF.P,2022,2,1,FR,SALF,1,8122.83,2022-02-01T02:15:22.830000,0.38533157110214233,1482870289.0625,P
20220201,FR.SALF.P,2022,2,1,FR,SALF,1,8157.24,2022-02-01T02:15:57.240000,0.5428027510643005,3069396687.5,P
20220201,FR.SALF.P,2022,2,1,FR,SALF,1,8199.0,2022-02-01T02:16:39.000000,0.3733196258544922,2550893515.625,P
20220201,FR.SALF.P,2022,2,1,FR,SALF,1,8307.99,2022-02-01T02:18:27.990000,0.862602710723877,2189339140.625,P
20220201,FR.SALF.P,2022,2,1,FR,SALF,1,8440.42,2022-02-01T02:20:40.420000,0.5248190760612488,963135570.3125,P
20220201,FR.SALF.P,2022,2,1,FR,SALF,1,8619.98,2022-02-01T02:23:39.980000,0.7883028984069824,9548883500.0,P
20220201,FR.SALF.P,2022,2,1,FR,SALF,1,8785.740000000002,2022-02-01T02:26:25.740000,0.319900780916214,1670277171.875,P
20220201,FR.SALF.P,2022,2,1,FR,SALF,1,9036.380000000001,2022-02-01T02:30:36.380000,0.8430222272872925,17886574875.0,P
20220201,FR.SALF.P,2022,2,1,FR,SALF,1,9174.869999999999,2022-02-01T02:32:54.870000,0.7664058208465576,2100759375.0,P
20220201,FR.SALF.S,2022,2,1,FR,SALF,1,5727.01,2022-02-01T01:35:27.010000,0.9425704479217529,7084722937.5,S
20220201,FR.SALF.S,2022,2,1,FR,SALF,1,5813.08,2022-02-01T01:36:53.080000,0.4373146593570709,917069562.5,S
20220201,FR.SALF.S,2022,2,1,FR,SALF,1,5847.030000000001,2022-02-01T01:37:27.030000,0.9184768199920654,2036829234.375,S
20220201,FR.SALF.S,2022,2,1,FR,SALF,1,6511.83,2022-02-01T01:48:31.830000,0.7261360287666321,924071078.125,S
20220201,FR.SALF.S,2022,2,1,FR,SALF,1,7389.49,2022-02-01T02:03:09.490000,0.7180766463279724,2755483744000.0,S
20220201,FR.SALF.S,2022,2,1,FR,SALF,1,7629.52,2022-02-01T02:07:09.520000,0.6652359366416931,7385724125.0,S
20220201,FR.SALF.S,2022,2,1,FR,SALF,1,7657.040000000001,2022-02-01T02:07:37.040000,0.4052489697933197,2826843093.75,S
20220201,FR.SALF.S,2022,2,1,FR,SALF,1,7688.88,2022-02-01T02:08:08.880000,0.7322889566421509,4997990156.25,S
20220201,FR.SALF.S,2022,2,1,FR,SALF,1,7782.120000000001,2022-02-01T02:09:42.120000,0.5446467995643616,1415081281.25,S
20220201,FR.SALF.S,2022,2,1,FR,SALF,1,7819.2300000000005,2022-02-01T02:10:19.230000,0.8064646124839783,91376447500.0,S
20220201,FR.SALF.S,2022,2,1,FR,SALF,1,7943.3,2022-02-01T02:12:23.300000,0.3971784710884094,1164824578.125,S
20220201,FR.SALF.S,2022,2,1,FR,SALF,1,8125.360000000001,2022-02-01T02:15:25.360000,0.560049295425415,1482870289.0625,S
20220201,FR.SALF.S,2022,2,1,FR,SALF,1,8161.74,2022-02-01T02:16:01.740000,0.3578018248081207,2210677828.125,S
20220201,FR.SALF.S,2022,2,1,FR,SALF,1,8202.71,2022-02-01T02:16:42.710000,0.7065056562423706,2550893515.625,S
20220201,FR.SALF.S,2022,2,1,FR,SALF,1,8212.43,2022-02-01T02:16:52.430000,0.5484787821769714,1599237250.0,S
20220201,FR.SALF.S,2022,2,1,FR,SALF,1,8311.65,2022-02-01T02:18:31.650000,0.7545161247253418,2189339140.625,S
20220201,FR.SALF.S,2022,2,1,FR,SALF,1,8443.560000000001,2022-02-01T02:20:43.560000,0.6702563762664795,963135570.3125,S
20220201,FR.SALF.S,2022,2,1,FR,SALF,1,8492.52,2022-02-01T02:21:32.520000,0.3208867609500885,1154923250.0,S
20220201,FR.SALF.S,2022,2,1,FR,SALF,1,8623.66,2022-02-01T02:23:43.660000,0.5609673857688904,9548883500.0,S
20220201,FR.SALF.S,2022,2,1,FR,SALF,1,8674.0,2022-02-01T02:24:34.000000,0.5109338164329529,1110528554.6875,S
20220201,FR.SALF.S,2022,2,1,FR,SALF,1,8790.69,2022-02-01T02:26:30.690000,0.6140328645706177,1670277171.875,S
20220201,FR.SALF.S,2022,2,1,FR,SALF,1,9040.14,2022-02-01T02:30:40.140000,0.615354061126709,17886574875.0,S
20220201,FR.SALF.S,2022,2,1,FR,SALF,1,9127.98,2022-02-01T02:32:07.980000,0.6394846439361572,1344166585.9375,S
20220201,FR.SALF.S,2022,2,1,FR,SALF,1,9178.3,2022-02-01T02:32:58.300000,0.5584220886230469,2100759375.0,S
20220201,FR.SALF.P,2022,2,1,FR,SALF,1,5722.26,2022-02-01T01:35:22.260000,0.9192286133766174,4638380500.0,P
20220201,FR.SALF.P,2022,2,1,FR,SALF,1,7625.58,2022-02-01T02:07:05.580000,0.3229462802410126,2433528906.25,P
20220201,FR.SALF.P,2022,2,1,FR,SALF,1,7685.02,2022-02-01T02:08:05.020000,0.3528224229812622,1483248609.375,P
20220201,FR.SALF.P,2022,2,1,FR,SALF,1,7815.42,2022-02-01T02:10:15.420000,0.9523955583572388,22647072500.0,P
20220201,FR.SALF.P,2022,2,1,FR,SALF,1,8620.27,2022-02-01T02:23:40.270000,0.9574029445648193,4966577281.25,P
20220201,FR.SALF.P,2022,2,1,FR,SALF,1,9036.35,2022-02-01T02:30:36.350000,0.9333125352859497,4465888375.0,P
20220201,FR.SALF.S,2022,2,1,FR,SALF,1,5727.05,2022-02-01T01:35:27.050000,0.9162591099739075,4638380500.0,S
20220201,FR.SALF.S,2022,2,1,FR,SALF,1,5847.07,2022-02-01T01:37:27.070000,0.9111234545707703,1410584398.4375,S
20220201,FR.SALF.S,2022,2,1,FR,SALF,1,7389.6,2022-02-01T02:03:09.600000,0.7448011040687561,1485534440000.0,S
20220201,FR.SALF.S,2022,2,1,FR,SALF,1,7688.9400000000005,2022-02-01T02:08:08.940000,0.5457178950309753,1483248609.375,S
20220201,FR.SALF.S,2022,2,1,FR,SALF,1,7819.32,2022-02-01T02:10:19.320000,0.65740966796875,22647072500.0,S
20220201,FR.SALF.S,2022,2,1,FR,SALF,1,8623.89,2022-02-01T02:23:43.890000,0.7284409403800964,4966577281.25,S
20220201,FR.SALF.S,2022,2,1,FR,SALF,1,9040.2,2022-02-01T02:30:40.200000,0.60727858543396,4465888375.0,S
20220201,FR.VALC.P,2022,2,1,FR,VALC,1,6146.63,2022-02-01T01:42:26.630000,0.4479683041572571,5829161.437988281,P
20220201,FR.VALC.P,2022,2,1,FR,VALC,1,7388.63,2022-02-01T02:03:08.630000,0.8709853887557983,2474698078.125,P
20220201,FR.VALC.P,2022,2,1,FR,VALC,1,7674.08,2022-02-01T02:07:54.080000,0.34814536571502686,9524522.521972656,P
20220201,FR.VALC.P,2022,2,1,FR,VALC,1,7818.4,2022-02-01T02:10:18.400000,0.9151694178581238,64080167.48046875,P
20220201,FR.VALC.P,2022,2,1,FR,VALC,1,8114.200000000001,2022-02-01T02:15:14.200000,0.371620237827301,6985348.14453125,P
20220201,FR.VALC.P,2022,2,1,FR,VALC,1,8755.86,2022-02-01T02:25:55.860000,0.3091643750667572,9522780.883789062,P
20220201,FR.VALC.S,2022,2,1,FR,VALC,1,6715.32,2022-02-01T01:51:55.320000,0.32778728008270264,5028621.2158203125,S
20220201,FR.VALC.S,2022,2,1,FR,VALC,1,7395.4400000000005,2022-02-01T02:03:15.440000,0.6185773611068726,2474698078.125,S
20220201,FR.VALC.S,2022,2,1,FR,VALC,1,7825.18,2022-02-01T02:10:25.180000,0.42534103989601135,64080167.48046875,S
20220201,FR.VALC.S,2022,2,1,FR,VALC,1,8116.24,2022-02-01T02:15:16.240000,0.35857418179512024,4748167.083740234,S
20220201,FR.VALC.S,2022,2,1,FR,VALC,1,8353.66,2022-02-01T02:19:13.660000,0.42146262526512146,6414643.859863281,S
20220201,FR.VALC.S,2022,2,1,FR,VALC,1,8478.380000000001,2022-02-01T02:21:18.380000,0.5643530488014221,7437109.2529296875,S
20220201,FR.VALC.S,2022,2,1,FR,VALC,1,9046.400000000001,2022-02-01T02:30:46.400000,0.6125273108482361,9519679.260253906,S
20220201,FR.VALC.S,2022,2,1,FR,VALC,1,9293.740000000002,2022-02-01T02:34:53.740000,0.512882649898529,7423931.5185546875,S
20220201,FR.VALC.P,2022,2,1,FR,VALC,1,7388.620000000001,2022-02-01T02:03:08.620000,0.9131820797920227,1763881031.25,P
20220201,FR.VALC.P,2022,2,1,FR,VALC,1,7654.16,2022-02-01T02:07:34.160000,0.30758553743362427,7823495.056152344,P
20220201,FR.VALC.P,2022,2,1,FR,VALC,1,7818.34,2022-02-01T02:10:18.340000,0.8942505121231079,46706403.80859375,P
20220201,FR.VALC.S,2022,2,1,FR,VALC,1,5870.900000000001,2022-02-01T01:37:50.900000,0.37744659185409546,6011628.7841796875,S
20220201,FR.VALC.S,2022,2,1,FR,VALC,1,6503.7300000000005,2022-02-01T01:48:23.730000,0.49848416447639465,6351151.031494141,S
20220201,FR.VALC.S,2022,2,1,FR,VALC,1,8906.32,2022-02-01T02:28:26.320000,0.6544588804244995,8077018.859863281,S
20220201,FR.VALC.S,2022,2,1,FR,VALC,1,8992.36,2022-02-01T02:29:52.360000,0.41352221369743347,5066096.984863281,S
20220201,FR.VALC.P,2022,2,1,FR,VALC,1,7388.59,2022-02-01T02:03:08.590000,0.9572769999504089,1440766539.0625,P
20220201,FR.VALC.P,2022,2,1,FR,VALC,1,7818.3,2022-02-01T02:10:18.300000,0.9748575091362,32326093.26171875,P
20220201,FR.VALC.S,2022,2,1,FR,VALC,1,7395.98,2022-02-01T02:03:15.980000,0.4463466703891754,1440766539.0625,S
20220201,FR.VALC.S,2022,2,1,FR,VALC,1,7825.76,2022-02-01T02:10:25.760000,0.6521644592285156,32326093.26171875,S
